A,i,B,j,Probability
1,1,1,38,0.00338215
1,1,1,68,0.0151022
1,2,1,37,0.00680696
1,2,1,40,0.0113517
1,2,1,67,0.0264433
1,2,1,356,0.00113093
1,2,1,397,0.0121058
1,2,1,582,0.115331
1,3,1,36,0.00749283
1,3,1,39,0.0140124
1,3,1,66,0.0163142
1,3,1,68,0.00205144
1,3,1,355,0.00133349
1,3,1,372,0.00158872
1,3,1,396,0.0146576
1,3,1,581,0.31096
1,3,1,584,0.0286541
1,3,1,621,0.00161805
1,4,1,35,0.00747647
1,4,1,38,0.0140101
1,4,1,66,0.551488
1,4,1,371,0.00165588
1,4,1,395,0.0141715
1,4,1,580,0.324226
1,4,1,583,0.0288941
1,4,1,620,0.00163785
1,5,1,34,0.00749731
1,5,1,37,0.0140574
1,5,1,65,0.570785
1,5,1,370,0.00177521
1,5,1,394,0.0136128
1,5,1,579,0.323734
1,5,1,582,0.0286992
1,5,1,619,0.00164122
1,6,1,33,0.00750692
1,6,1,36,0.0140811
1,6,1,39,0.0011708
1,6,1,64,0.576147
1,6,1,369,0.00180314
1,6,1,393,0.0131128
1,6,1,581,0.0277299
1,6,1,618,0.00164404
1,7,1,35,0.0124295
1,7,1,38,0.00117125
1,7,1,63,0.574723
1,7,1,368,0.00179374
1,7,1,617,0.00159766
1,8,1,15,0.00854111
1,8,1,32,0.0117589
1,8,1,62,0.572418
1,8,1,355,0.00502667
1,8,1,367,0.00178022
1,8,1,390,0.0072023
1,8,1,577,0.372443
1,8,1,588,0.00157546
1,9,1,14,0.00870228
1,9,1,31,0.0116765
1,9,1,61,0.573782
1,9,1,354,0.00505005
1,9,1,366,0.00178063
1,9,1,389,0.00718263
1,9,1,576,0.372691
1,9,1,587,0.00158148
1,10,1,353,0.00258019
1,10,1,575,0.332398
1,11,1,29,0.00128705
1,11,1,353,0.00815651
1,12,1,27,0.00145363
1,12,1,29,0.00151614
1,12,1,56,0.462646
1,12,1,57,0.0600434
1,12,1,64,0.0011277
1,12,1,352,0.0122268
1,12,1,573,0.372453
1,12,1,585,0.00164826
1,13,1,27,0.00502327
1,13,1,33,0.0116233
1,13,1,55,0.510338
1,13,1,56,0.0296081
1,13,1,57,0.00366996
1,13,1,63,0.00112764
1,13,1,351,0.0122382
1,13,1,572,0.373148
1,13,1,584,0.00165396
1,14,1,32,0.0118212
1,14,1,54,0.555089
1,14,1,62,0.00115178
1,14,1,350,0.012196
1,14,1,571,0.373147
1,14,1,583,0.00165379
1,15,1,22,0.00313785
1,15,1,31,0.0117559
1,15,1,53,0.555783
1,15,1,61,0.00114313
1,15,1,570,0.372422
1,15,1,582,0.00163743
1,16,1,24,0.00425126
1,16,1,27,0.00913235
1,16,1,39,0.0101449
1,16,1,52,0.549523
1,16,1,57,0.00954163
1,16,1,402,0.00111173
1,17,1,24,0.0700421
1,17,1,29,0.00320955
1,17,1,38,0.0103311
1,17,1,50,0.00957091
1,17,1,56,0.00961697
1,17,1,401,0.00111164
1,18,1,24,0.429977
1,18,1,29,0.00215382
1,18,1,50,0.00835331
1,18,1,55,0.00965775
1,18,1,400,0.0010828
1,19,1,24,0.0446467
1,19,1,27,0.0197488
1,19,1,36,0.0114668
1,19,1,39,0.00608862
1,19,1,48,0.0596917
1,19,1,50,0.0060527
1,19,1,54,0.00968225
1,19,1,57,0.0147849
1,20,1,24,0.0200392
1,20,1,35,0.0113177
1,20,1,38,0.00622381
1,20,1,47,0.0586081
1,20,1,56,0.0148763
1,21,1,46,0.0509399
1,21,1,47,0.0031519
1,21,1,55,0.0149645
1,22,1,27,0.00402663
1,22,1,32,0.00166351
1,22,1,33,0.0096454
1,22,1,36,0.0111252
1,22,1,46,0.00366771
1,22,1,47,0.00580142
1,22,1,48,0.00993589
1,22,1,52,0.00229136
1,22,1,54,0.0150325
1,23,1,29,0.00123922
1,23,1,35,0.0111004
1,23,1,46,0.00704017
1,23,1,47,0.00969345
1,24,1,28,0.0010438
1,24,1,30,0.00530071
1,24,1,31,0.00638926
1,24,1,34,0.00948167
1,24,1,42,0.00262749
1,24,1,43,0.00413771
1,24,1,44,0.0188736
1,24,1,45,0.00825694
1,24,1,566,0.00916463
1,24,1,567,0.00223371
1,24,1,568,0.00100725
1,25,1,29,0.00216925
1,25,1,47,0.00102853
1,26,1,46,0.00189121
1,27,1,42,0.0406374
1,27,1,43,0.00117835
1,27,1,45,0.00192085
1,27,1,51,0.484384
1,27,1,567,0.203279
1,28,1,38,0.021464
1,28,1,46,0.00107809
1,28,1,50,0.485298
1,29,1,37,0.0233271
1,29,1,40,0.0416131
1,29,1,45,0.00159872
1,29,1,49,0.486277
1,29,1,89,0.00465449
1,29,1,565,0.343499
1,30,1,36,0.0239789
1,30,1,39,0.0429537
1,30,1,48,0.48701
1,30,1,88,0.00579927
1,30,1,564,0.370846
1,31,1,35,0.0139534
1,31,1,38,0.035902
1,31,1,46,0.00589903
1,31,1,47,0.464167
1,31,1,87,0.00580535
1,31,1,324,0.00113794
1,31,1,563,0.370952
1,32,1,43,0.0200153
1,32,1,45,0.0110678
1,32,1,86,0.0058052
1,32,1,323,0.00115225
1,32,1,562,0.370635
1,33,1,42,0.0201715
1,33,1,43,0.00332238
1,33,1,45,0.122598
1,33,1,85,0.00579188
1,33,1,322,0.00115311
1,33,1,561,0.37001
1,34,1,46,0.00128653
1,35,1,40,0.00211729
1,35,1,41,0.001843
1,35,1,42,0.00281367
1,35,1,43,0.0778638
1,35,1,44,0.394733
1,35,1,45,0.00112687
1,35,1,83,0.00164356
1,35,1,316,0.00253445
1,35,1,317,0.132745
1,35,1,320,0.00476819
1,35,1,433,0.00148048
1,35,1,476,0.00794364
1,35,1,521,0.00186377
1,35,1,557,0.00259685
1,35,1,559,0.075102
1,35,1,560,0.00486943
1,36,1,42,0.0798963
1,36,1,43,0.397245
1,36,1,51,0.00135806
1,36,1,315,0.00305628
1,36,1,316,0.137928
1,36,1,319,0.0148569
1,36,1,432,0.00154035
1,36,1,465,0.00100591
1,36,1,475,0.00824231
1,36,1,519,0.00105438
1,36,1,520,0.0019275
1,37,1,50,0.00139682
1,37,1,464,0.00106139
1,38,1,42,0.00191376
1,38,1,44,0.00711149
1,38,1,49,0.00135896
1,38,1,82,0.00396258
1,38,1,313,0.00131556
1,38,1,314,0.0593096
1,38,1,315,0.0011074
1,38,1,316,0.0144362
1,38,1,317,0.155415
1,38,1,430,0.00153241
1,38,1,463,0.0010956
1,38,1,473,0.00518445
1,38,1,476,0.0056852
1,38,1,517,0.00209224
1,39,1,43,0.00722428
1,39,1,45,0.00159516
1,39,1,51,0.00252559
1,39,1,81,0.00407838
1,39,1,313,0.0593433
1,39,1,315,0.0168557
1,39,1,316,0.158278
1,39,1,429,0.00153416
1,39,1,462,0.00109072
1,39,1,472,0.00523821
1,39,1,475,0.00578531
1,39,1,516,0.00212129
1,40,1,47,0.00120064
1,40,1,50,0.00255435
1,40,1,80,0.00364173
1,40,1,311,0.00813252
1,40,1,515,0.00141272
1,41,1,310,0.00819311
1,41,1,311,0.00497491
1,41,1,349,0.0159179
1,41,1,556,0.00743527
1,42,1,48,0.00411875
1,42,1,57,0.0133726
1,42,1,78,0.00486771
1,42,1,309,0.00829129
1,42,1,310,0.00473365
1,42,1,312,0.302245
1,42,1,348,0.0169753
1,42,1,402,0.00111845
1,42,1,456,0.00100095
1,42,1,470,0.00344932
1,42,1,471,0.00997023
1,42,1,555,0.00817337
1,43,1,47,0.00240467
1,43,1,56,0.0137022
1,43,1,77,0.00487978
1,43,1,309,0.00459452
1,43,1,311,0.306286
1,43,1,347,0.0169887
1,43,1,401,0.00117408
1,43,1,469,0.0034669
1,43,1,470,0.00995234
1,43,1,554,0.00812998
1,44,1,55,0.0139157
1,44,1,76,0.00487626
1,44,1,310,0.307533
1,44,1,346,0.0169826
1,44,1,400,0.0015647
1,44,1,442,0.00818825
1,44,1,581,0.00112933
1,45,1,52,0.00109807
1,45,1,54,0.0139991
1,45,1,75,0.00484786
1,45,1,84,0.00244599
1,45,1,309,0.308529
1,45,1,345,0.0169766
1,45,1,399,0.0018428
1,45,1,441,0.0116343
1,45,1,468,0.0125566
1,45,1,522,0.001007
1,45,1,558,0.00239949
1,45,1,580,0.00125789
1,45,1,696,0.00555706
1,46,1,51,0.00109798
1,46,1,53,0.0138249
1,46,1,74,0.00448989
1,46,1,83,0.00246679
1,46,1,308,0.305421
1,46,1,344,0.0168644
1,46,1,398,0.00184135
1,46,1,440,0.0116564
1,46,1,467,0.0124644
1,46,1,488,0.00794119
1,46,1,521,0.00118175
1,46,1,557,0.00192626
1,46,1,579,0.00125385
1,46,1,695,0.00560326
1,47,1,70,0.00158553
1,47,1,73,0.00213543
1,47,1,82,0.00248056
1,47,1,304,0.118493
1,47,1,307,0.201818
1,47,1,343,0.0165999
1,47,1,397,0.00177664
1,47,1,439,0.0122751
1,47,1,487,0.010078
1,47,1,517,0.00126963
1,47,1,520,0.00120593
1,47,1,578,0.00119408
1,47,1,694,0.0055987
1,48,1,53,0.00158687
1,48,1,69,0.00200043
1,48,1,81,0.00248046
1,48,1,303,0.131372
1,48,1,306,0.191335
1,48,1,342,0.0163992
1,48,1,438,0.0134439
1,48,1,465,0.0128123
1,48,1,486,0.0101478
1,48,1,516,0.00128728
1,48,1,519,0.00120781
1,48,1,576,0.00119436
1,48,1,693,0.00561711
1,49,1,68,0.00223896
1,49,1,80,0.00237865
1,49,1,302,0.154934
1,49,1,305,0.157855
1,49,1,437,0.0134621
1,49,1,464,0.0127866
1,49,1,485,0.00785989
1,49,1,515,0.00113201
1,49,1,575,0.00119266
1,49,1,692,0.00557614
1,50,1,58,0.00597862
1,50,1,65,0.00280902
1,50,1,67,0.00217265
1,50,1,79,0.00218613
1,50,1,301,0.247852
1,50,1,303,0.00288055
1,50,1,304,0.0602004
1,50,1,341,0.00409757
1,50,1,391,0.00115535
1,50,1,436,0.0132677
1,50,1,463,0.0127006
1,50,1,483,0.00429989
1,50,1,574,0.00118658
1,50,1,691,0.00539052
1,51,1,57,0.00667087
1,51,1,64,0.00309513
1,51,1,66,0.00215113
1,51,1,75,0.0022958
1,51,1,87,0.00124805
1,51,1,300,0.312777
1,51,1,302,0.00749039
1,51,1,340,0.00434618
1,51,1,390,0.00122598
1,51,1,435,0.0132738
1,51,1,482,0.00599696
1,51,1,484,0.00512761
1,51,1,573,0.00119075
1,51,1,690,0.00518161
1,52,1,60,0.00112092
1,52,1,74,0.00234112
1,52,1,86,0.00124003
1,52,1,299,0.312961
1,52,1,301,0.00757452
1,52,1,389,0.00122659
1,52,1,461,0.0126432
1,52,1,481,0.0061541
1,52,1,483,0.00513237
1,52,1,689,0.00478196
1,53,1,62,0.00651224
1,53,1,298,0.31271
1,53,1,300,0.00754188
1,53,1,388,0.00121434
1,53,1,434,0.00105577
1,53,1,449,0.00222269
1,53,1,460,0.0126608
1,53,1,480,0.00622996
1,53,1,482,0.00512827
1,53,1,514,0.0052463
1,53,1,571,0.00127348
1,54,1,60,0.00269691
1,54,1,61,0.00692581
1,54,1,72,0.00837457
1,54,1,297,0.31094
1,54,1,299,0.00470668
1,54,1,432,0.0147669
1,54,1,447,0.00103266
1,54,1,448,0.00228338
1,54,1,459,0.0125477
1,54,1,479,0.006175
1,54,1,481,0.00467013
1,54,1,513,0.00538061
1,54,1,570,0.00128472
1,55,1,59,0.00212098
1,55,1,60,0.00617086
1,55,1,71,0.0120015
1,55,1,72,0.00115657
1,55,1,93,0.00141372
1,55,1,296,0.28951
1,55,1,297,0.00205699
1,55,1,431,0.0147667
1,55,1,446,0.00129055
1,55,1,447,0.00307331
1,55,1,458,0.0111387
1,55,1,478,0.00548559
1,55,1,512,0.00558025
1,55,1,569,0.0012903
1,56,1,70,0.0166778
1,56,1,71,0.00229154
1,56,1,92,0.00503075
1,56,1,248,0.00478322
1,56,1,257,0.0270728
1,56,1,295,0.231724
1,56,1,296,0.0117107
1,56,1,337,0.00201169
1,56,1,430,0.0148398
1,56,1,439,0.00513547
1,56,1,445,0.00131496
1,56,1,446,0.00355864
1,56,1,457,0.00821784
1,56,1,511,0.00563155
1,56,1,568,0.00129584
1,57,1,69,0.0211456
1,57,1,70,0.00234674
1,57,1,91,0.00553489
1,57,1,207,0.0045239
1,57,1,247,0.00512405
1,57,1,256,0.0301598
1,57,1,294,0.17023
1,57,1,295,0.0213011
1,57,1,336,0.00212482
1,57,1,429,0.0148331
1,57,1,438,0.0101383
1,57,1,444,0.00156592
1,57,1,445,0.00358049
1,57,1,457,0.0010324
1,57,1,510,0.00561541
1,57,1,567,0.00128847
1,58,1,68,0.022386
1,58,1,335,0.00189805
1,58,1,437,0.0102959
1,58,1,509,0.00373912
1,59,1,68,0.00135315
1,59,1,259,0.00476729
1,59,1,292,0.00107208
1,59,1,454,0.00189715
1,60,1,66,0.0434632
1,60,1,76,0.00261045
1,60,1,88,0.149902
1,60,1,246,0.001525
1,60,1,249,0.00142289
1,60,1,252,0.00145786
1,60,1,253,0.0197634
1,60,1,254,0.0146094
1,60,1,255,0.0258221
1,60,1,258,0.00708773
1,60,1,259,0.0158085
1,60,1,333,0.00208589
1,60,1,339,0.00449305
1,60,1,340,0.00562985
1,60,1,396,0.00189162
1,60,1,435,0.0125311
1,60,1,442,0.0113695
1,60,1,453,0.00195389
1,60,1,469,0.00191397
1,60,1,581,0.00112286
1,61,1,66,0.00100568
1,61,1,75,0.00284457
1,61,1,84,0.0487428
1,61,1,87,0.149593
1,61,1,245,0.00129909
1,61,1,249,0.00298852
1,61,1,251,0.00134833
1,61,1,252,0.0193716
1,61,1,253,0.0144274
1,61,1,254,0.0249951
1,61,1,258,0.0204344
1,61,1,332,0.00207037
1,61,1,338,0.00461259
1,61,1,339,0.00563805
1,61,1,360,0.00124623
1,61,1,395,0.00189581
1,61,1,434,0.0128014
1,61,1,441,0.0118643
1,61,1,452,0.00184765
1,61,1,468,0.00192395
1,61,1,580,0.00134445
1,61,1,696,0.00228365
1,62,1,71,0.00796511
1,62,1,72,0.00509042
1,62,1,74,0.00281569
1,62,1,83,0.0671408
1,62,1,86,0.143349
1,62,1,248,0.00277747
1,62,1,250,0.00152932
1,62,1,257,0.0190031
1,62,1,331,0.00137369
1,62,1,337,0.00419177
1,62,1,359,0.00129637
1,62,1,394,0.0018133
1,62,1,431,0.00290821
1,62,1,433,0.0120061
1,62,1,440,0.0117737
1,62,1,467,0.00185886
1,62,1,579,0.00133322
1,62,1,695,0.00229758
1,63,1,70,0.00920239
1,63,1,71,0.0213801
1,63,1,73,0.0025014
1,63,1,82,0.0860336
1,63,1,85,0.124438
1,63,1,86,0.00325334
1,63,1,98,0.00124782
1,63,1,247,0.00100973
1,63,1,248,0.00327224
1,63,1,250,0.0018634
1,63,1,256,0.00950539
1,63,1,257,0.00104111
1,63,1,336,0.00322207
1,63,1,337,0.00630321
1,63,1,358,0.0012514
1,63,1,359,0.00172251
1,63,1,430,0.00629818
1,63,1,432,0.00869086
1,63,1,439,0.0116082
1,63,1,578,0.00127019
1,63,1,694,0.00228741
1,64,1,69,0.00961566
1,64,1,70,0.0223498
1,64,1,72,0.00248911
1,64,1,81,0.0856035
1,64,1,85,0.00630163
1,64,1,97,0.00127156
1,64,1,247,0.00337342
1,64,1,256,0.00147039
1,64,1,330,0.00130147
1,64,1,336,0.00673151
1,64,1,358,0.0018292
1,64,1,429,0.00680779
1,64,1,438,0.0116821
1,64,1,576,0.00118293
1,64,1,693,0.00227957
1,65,1,80,0.0800372
1,65,1,329,0.00130191
1,65,1,335,0.00242699
1,65,1,437,0.0104585
1,65,1,466,0.00194924
1,65,1,575,0.00116247
1,65,1,692,0.00200666
1,66,1,79,0.0651537
1,66,1,81,0.158451
1,66,1,328,0.00127303
1,66,1,354,0.00873876
1,66,1,429,0.00591141
1,66,1,465,0.00200989
1,66,1,574,0.00112048
1,67,1,80,0.164031
1,67,1,251,0.00256218
1,67,1,353,0.0107455
1,67,1,435,0.00125952
1,67,1,464,0.00195128
1,68,1,79,0.178322
1,68,1,244,0.00659267
1,68,1,247,0.0140675
1,68,1,250,0.00270985
1,68,1,256,0.00386711
1,68,1,427,0.00231869
1,68,1,428,0.00327094
1,68,1,463,0.00141116
1,69,1,76,0.00395136
1,69,1,78,0.237199
1,69,1,243,0.00793281
1,69,1,246,0.0172796
1,69,1,249,0.00276648
1,69,1,253,0.0044779
1,69,1,254,0.0013946
1,69,1,255,0.00572629
1,69,1,351,0.638867
1,70,1,75,0.00403672
1,70,1,77,0.238494
1,70,1,205,0.00600645
1,70,1,242,0.00793354
1,70,1,245,0.0163225
1,70,1,252,0.00454487
1,70,1,253,0.00140811
1,70,1,254,0.00571226
1,70,1,350,0.644343
1,71,1,76,0.226249
1,71,1,204,0.00611677
1,71,1,251,0.00441404
1,71,1,349,0.644547
1,72,1,96,0.0241262
1,72,1,203,0.00613284
1,72,1,241,0.00849655
1,72,1,242,0.00673668
1,72,1,243,0.0100197
1,72,1,246,0.00196971
1,72,1,253,0.00366091
1,72,1,254,0.00350047
1,72,1,255,0.00775185
1,72,1,348,0.644723
1,73,1,88,0.0153902
1,73,1,95,0.0255655
1,73,1,202,0.00279238
1,73,1,240,0.00842796
1,73,1,241,0.00677623
1,73,1,242,0.0100374
1,73,1,252,0.00340751
1,73,1,253,0.00396018
1,73,1,254,0.00784226
1,73,1,347,0.644554
1,74,1,87,0.015545
1,74,1,94,0.0319888
1,74,1,238,0.00898942
1,74,1,240,0.00652242
1,74,1,241,0.00974179
1,74,1,251,0.00267719
1,74,1,252,0.00377957
1,74,1,253,0.00767111
1,74,1,298,0.00392424
1,74,1,345,0.00273331
1,74,1,346,0.637152
1,75,1,86,0.0154962
1,75,1,93,0.0441805
1,75,1,99,0.00413233
1,75,1,105,0.00126333
1,75,1,237,0.00910068
1,75,1,297,0.0040028
1,76,1,85,0.0139595
1,76,1,92,0.0440249
1,76,1,98,0.00413656
1,76,1,100,0.0133215
1,76,1,104,0.00133724
1,76,1,236,0.00360656
1,76,1,248,0.00137503
1,76,1,296,0.0039959
1,76,1,344,0.642798
1,77,1,86,0.00271604
1,77,1,91,0.0224936
1,77,1,97,0.00354144
1,77,1,99,0.0146011
1,77,1,103,0.00133482
1,77,1,247,0.00136118
1,77,1,295,0.00396997
1,77,1,343,0.6447
1,78,1,85,0.00294801
1,78,1,91,0.0280512
1,78,1,99,0.00275841
1,78,1,294,0.0013439
1,78,1,342,0.643821
1,79,1,84,0.00237872
1,79,1,90,0.0513642
1,79,1,338,0.0357696
1,79,1,339,0.00415529
1,79,1,340,0.0194156
1,80,1,89,0.0514321
1,80,1,97,0.0198386
1,80,1,337,0.036206
1,80,1,341,0.0167242
1,81,1,88,0.0502992
1,81,1,96,0.0265391
1,81,1,338,0.0859761
1,81,1,339,0.0296291
1,81,1,340,0.0245035
1,82,1,95,0.0278962
1,83,1,94,0.0279311
1,83,1,335,0.646485
1,84,1,91,0.00244646
1,84,1,93,0.0276882
1,84,1,247,0.0199414
1,84,1,256,0.00797844
1,84,1,334,0.651734
1,85,1,90,0.00598914
1,85,1,246,0.026216
1,85,1,254,0.00108808
1,85,1,255,0.0148731
1,85,1,333,0.652505
1,85,1,339,0.00777324
1,86,1,90,0.00124162
1,86,1,94,0.00392492
1,86,1,208,0.00139518
1,86,1,238,0.00194257
1,86,1,245,0.0263644
1,86,1,253,0.00109924
1,86,1,254,0.0148513
1,86,1,258,0.00109315
1,86,1,332,0.650888
1,86,1,338,0.00781249
1,86,1,508,0.00279604
1,87,1,91,0.00434381
1,87,1,93,0.00449671
1,87,1,207,0.00749922
1,87,1,237,0.00374857
1,87,1,244,0.0257978
1,87,1,294,0.0018043
1,87,1,328,0.00227414
1,87,1,330,0.00260357
1,87,1,507,0.00280746
1,88,1,207,0.00317878
1,88,1,237,0.00402054
1,88,1,293,0.00245835
1,88,1,303,0.00225816
1,88,1,327,0.00230288
1,88,1,330,0.62987
1,88,1,336,0.00831434
1,88,1,506,0.00280017
1,89,1,208,0.0112415
1,89,1,292,0.00185692
1,89,1,302,0.00232888
1,89,1,326,0.00227402
1,89,1,329,0.631105
1,89,1,335,0.00835622
1,90,1,97,0.00149154
1,90,1,103,0.00698218
1,90,1,207,0.0204228
1,90,1,237,0.00139358
1,90,1,256,0.00184465
1,90,1,291,0.00124904
1,90,1,293,0.00273503
1,90,1,301,0.00235155
1,90,1,325,0.00224499
1,90,1,328,0.627497
1,90,1,334,0.0083345
1,90,1,504,0.00215565
1,91,1,96,0.00146721
1,91,1,102,0.0122265
1,91,1,205,0.80579
1,91,1,252,0.0225351
1,91,1,255,0.00176136
1,91,1,300,0.00215599
1,91,1,324,0.00196991
1,91,1,333,0.00719948
1,92,1,101,0.0121723
1,92,1,204,0.809205
1,92,1,251,0.0228603
1,92,1,259,0.0277916
1,93,1,101,0.00172539
1,93,1,203,0.80345
1,93,1,238,0.00115135
1,93,1,240,0.00238371
1,93,1,249,0.00416125
1,93,1,258,0.0362415
1,93,1,298,0.00245057
1,93,1,332,0.00574512
1,93,1,502,0.00237952
1,94,1,99,0.00157093
1,94,1,100,0.00267723
1,94,1,104,0.00447793
1,94,1,105,0.274277
1,94,1,237,0.00109432
1,94,1,239,0.00236726
1,94,1,248,0.00301099
1,94,1,257,0.0341475
1,94,1,297,0.00241688
1,94,1,331,0.00554572
1,94,1,501,0.00237911
1,95,1,99,0.00261582
1,95,1,103,0.00305441
1,95,1,104,0.801659
1,95,1,247,0.00164171
1,95,1,248,0.0318292
1,95,1,256,0.031128
1,95,1,257,0.0120166
1,95,1,296,0.00242632
1,95,1,500,0.00237279
1,96,1,103,0.818309
1,96,1,237,0.00101512
1,96,1,247,0.033477
1,96,1,256,0.0147094
1,96,1,295,0.0023862
1,97,1,102,0.71716
1,97,1,205,0.0144284
1,97,1,246,0.0324311
1,97,1,252,0.0298142
1,97,1,253,0.00172891
1,97,1,254,0.0206967
1,97,1,255,0.013637
1,97,1,498,0.00202518
1,98,1,204,0.0147007
1,98,1,251,0.0304677
1,98,1,497,0.0020192
1,99,1,203,0.0146161
1,99,1,205,0.00240913
1,99,1,208,0.00148884
1,99,1,209,0.00225022
1,99,1,249,0.00210264
1,99,1,252,0.0399686
1,99,1,253,0.00119081
1,100,1,204,0.00234787
1,100,1,208,0.0139195
1,100,1,251,0.0398419
1,101,1,206,0.00137491
1,101,1,207,0.0217305
1,101,1,248,0.0536962
1,101,1,250,0.0195854
1,101,1,494,0.00197525
1,102,1,207,0.00341107
1,102,1,247,0.0561575
1,102,1,493,0.00195092
1,103,1,205,0.0985322
1,103,1,246,0.0426686
1,103,1,492,0.00183794
1,104,1,204,0.105112
1,105,1,187,0.499804
1,105,1,203,0.101375
1,106,1,186,0.996144
1,107,1,185,0.998803
1,108,1,184,0.999312
1,109,1,182,0.0183819
1,109,1,183,0.980012
1,110,1,181,0.485985
1,110,1,182,0.508276
1,111,1,180,0.958255
1,111,1,181,0.0411575
1,112,1,179,0.971795
1,112,1,180,0.0280961
1,113,1,178,0.985096
1,113,1,179,0.0148307
1,114,1,177,0.998125
1,115,1,174,0.00680484
1,115,1,175,0.0646691
1,115,1,176,0.780288
1,116,1,176,0.00167443
1,117,1,173,0.941804
1,117,1,174,0.0549401
1,118,1,172,0.962711
1,118,1,173,0.036717
1,119,1,171,0.981306
1,119,1,172,0.0184332
1,120,1,170,0.999736
1,121,1,169,0.99883
1,122,1,135,0.018297
1,122,1,168,0.977347
1,123,1,134,0.0183287
1,123,1,167,0.971139
1,124,1,133,0.0180112
1,124,1,134,0.00371194
1,124,1,166,0.963033
1,124,1,167,0.00767768
1,125,1,132,0.0178338
1,125,1,133,0.00492152
1,125,1,134,0.00156797
1,125,1,157,0.00102612
1,125,1,165,0.949693
1,125,1,166,0.0146537
1,126,1,130,0.0231361
1,126,1,132,0.478461
1,126,1,133,0.00485404
1,126,1,134,0.0142765
1,126,1,153,0.00153659
1,126,1,156,0.00172895
1,126,1,165,0.0215824
1,127,1,131,0.352326
1,127,1,132,0.00941921
1,127,1,133,0.0143865
1,127,1,155,0.00183498
1,127,1,163,0.0282151
1,127,1,164,0.0237193
1,129,1,150,0.0017142
1,129,1,153,0.00228493
1,130,1,151,0.00122809
1,130,1,152,0.00176071
1,130,1,162,0.00307375
1,132,1,161,0.00667052
1,132,1,162,0.0993755
1,133,1,147,0.00740916
1,133,1,161,0.0988478
1,133,1,162,0.834338
1,134,1,146,0.00747742
1,134,1,161,0.835332
1,135,1,145,0.00748404
1,135,1,159,0.969391
1,136,1,158,0.970629
1,136,1,168,0.0182784
1,137,1,157,0.970517
1,137,1,167,0.0193622
1,138,1,156,0.950825
1,138,1,166,0.0194301
1,139,1,145,0.00628273
1,139,1,153,0.806571
1,139,1,165,0.0193713
1,140,1,152,0.854376
1,141,1,151,0.846136
1,141,1,152,0.00877865
1,141,1,161,0.00160133
1,141,1,162,0.00332655
1,142,1,152,0.0031837
1,142,1,158,0.00297006
1,143,1,150,0.138847
1,143,1,153,0.0255138
1,143,1,157,0.00314821
1,144,1,150,0.0313348
1,144,1,153,0.00399798
1,144,1,156,0.00315112
1,144,1,159,0.0172389
1,145,1,151,0.0687138
1,145,1,152,0.00144276
1,145,1,158,0.0175271
1,146,1,150,0.0685916
1,146,1,153,0.00102334
1,146,1,157,0.0175835
1,147,1,153,0.0093476
1,147,1,156,0.01752
1,148,1,152,0.00552455
1,151,1,157,0.00112123
1,156,1,161,0.0018561
1,156,1,162,0.00252323
1,157,1,161,0.00239645
1,158,1,164,0.00124335
1,160,1,168,0.00122553
1,161,1,167,0.00151764
1,162,1,166,0.00163214
1,188,1,202,0.99087
1,189,1,201,0.998188
1,190,1,200,0.999203
1,191,1,199,0.9993
1,192,1,198,0.998485
1,193,1,197,0.579826
1,203,1,207,0.010692
1,203,1,237,0.00137092
1,203,1,297,0.0013162
1,204,1,236,0.00110886
1,204,1,248,0.00431731
1,204,1,296,0.001396
1,204,1,487,0.00114979
1,205,1,247,0.00445393
1,205,1,295,0.00141448
1,205,1,486,0.00171419
1,206,1,259,0.007983
1,206,1,485,0.00169801
1,207,1,238,0.0189578
1,207,1,240,0.00509119
1,207,1,246,0.00579726
1,207,1,249,0.00717367
1,207,1,258,0.0180317
1,207,1,484,0.00157851
1,208,1,236,0.841851
1,208,1,237,0.0104274
1,208,1,239,0.00444533
1,208,1,248,0.00599047
1,208,1,257,0.0121166
1,209,1,235,0.985
1,209,1,236,0.00553818
1,209,1,247,0.00109102
1,210,1,234,0.997611
1,211,1,233,0.995127
1,212,1,232,0.990495
1,213,1,231,0.997214
1,214,1,230,0.996106
1,215,1,229,0.977651
1,217,1,228,0.997083
1,218,1,227,0.998407
1,219,1,225,0.00138705
1,219,1,226,0.99708
1,220,1,224,0.00195766
1,220,1,225,0.865952
1,221,1,225,0.00673815
1,237,1,241,0.0010127
1,237,1,243,0.00241309
1,237,1,245,0.264031
1,237,1,332,0.00165569
1,238,1,244,0.265778
1,238,1,327,0.630672
1,238,1,330,0.0267715
1,239,1,326,0.634119
1,239,1,329,0.0284364
1,240,1,325,0.63349
1,240,1,328,0.0287713
1,241,1,323,0.00165289
1,241,1,325,0.00136403
1,241,1,327,0.0288658
1,242,1,323,0.637919
1,243,1,256,0.0010145
1,243,1,322,0.639726
1,243,1,325,0.0285191
1,243,1,481,0.00504755
1,244,1,321,0.640618
1,244,1,324,0.0290745
1,244,1,480,0.00525941
1,245,1,320,0.640639
1,245,1,323,0.0290766
1,245,1,479,0.00526136
1,246,1,256,0.115305
1,246,1,319,0.64049
1,246,1,322,0.0290733
1,246,1,478,0.00526148
1,247,1,252,0.00151474
1,247,1,253,0.00387952
1,247,1,254,0.00198824
1,247,1,255,0.109722
1,247,1,258,0.00334123
1,247,1,318,0.622369
1,247,1,321,0.0277475
1,247,1,477,0.00507737
1,248,1,466,0.0052719
1,249,1,256,0.010959
1,249,1,303,0.00107327
1,249,1,306,0.0167198
1,249,1,316,0.00383679
1,249,1,319,0.0155658
1,249,1,320,0.00569209
1,249,1,465,0.00533705
1,250,1,302,0.0011326
1,250,1,305,0.0172639
1,250,1,464,0.0053233
1,251,1,257,0.0140098
1,251,1,296,0.00452903
1,251,1,301,0.00112158
1,251,1,304,0.0176388
1,251,1,314,0.00313083
1,251,1,316,0.00105734
1,251,1,317,0.614431
1,251,1,463,0.00533058
1,252,1,256,0.0140285
1,252,1,295,0.00524954
1,252,1,303,0.0176449
1,252,1,313,0.00300015
1,252,1,315,0.00106222
1,252,1,316,0.636575
1,252,1,462,0.00531282
1,253,1,294,0.00524468
1,253,1,295,0.00432625
1,253,1,299,0.0030565
1,253,1,301,0.00859948
1,253,1,315,0.635057
1,253,1,316,0.00664403
1,253,1,461,0.00413204
1,254,1,293,0.00505647
1,254,1,294,0.00459725
1,254,1,297,0.002718
1,254,1,299,0.0123799
1,254,1,301,0.00755343
1,254,1,313,0.00493112
1,254,1,315,0.00752568
1,254,1,459,0.00106086
1,255,1,293,0.00460907
1,255,1,297,0.0614306
1,255,1,299,0.0177012
1,255,1,313,0.57314
1,255,1,457,0.00124768
1,256,1,298,0.0160587
1,256,1,312,0.571013
1,256,1,456,0.00124137
1,257,1,310,0.0010222
1,257,1,311,0.526418
1,258,1,293,0.00358455
1,258,1,294,0.790673
1,258,1,295,0.00258686
1,259,1,293,0.89653
1,259,1,294,0.00137102
1,260,1,292,0.988433
1,261,1,291,0.997389
1,262,1,290,0.995213
1,263,1,289,0.996365
1,264,1,288,0.999521
1,265,1,287,0.998215
1,266,1,286,0.994356
1,267,1,285,0.989753
1,268,1,284,0.982072
1,269,1,283,0.861888
1,270,1,285,0.00972987
1,271,1,280,0.00288641
1,271,1,281,0.793394
1,271,1,284,0.0138597
1,272,1,280,0.785975
1,272,1,282,0.00164677
1,272,1,283,0.122042
1,272,1,284,0.00277111
1,273,1,280,0.00649415
1,273,1,282,0.144796
1,273,1,283,0.00815863
1,274,1,280,0.00141175
1,274,1,281,0.1412
1,274,1,282,0.0138567
1,275,1,280,0.129037
1,275,1,281,0.0160698
1,276,1,280,0.0171592
1,293,1,310,0.00110766
1,294,1,300,0.00101684
1,294,1,309,0.00287457
1,294,1,310,0.00249063
1,294,1,312,0.00120953
1,295,1,300,0.0914447
1,295,1,309,0.0587848
1,295,1,310,0.0045532
1,295,1,311,0.0313631
1,295,1,312,0.010127
1,296,1,305,0.00132065
1,296,1,310,0.28082
1,296,1,311,0.0120992
1,297,1,309,0.302761
1,297,1,310,0.0136681
1,298,1,303,0.00379771
1,298,1,306,0.0635622
1,298,1,313,0.0383859
1,298,1,461,0.00114491
1,299,1,305,0.046908
1,299,1,309,0.00183114
1,299,1,310,0.00402859
1,299,1,311,0.00287181
1,299,1,312,0.036426
1,299,1,460,0.00190482
1,300,1,306,0.283274
1,300,1,313,0.00781931
1,300,1,459,0.00189053
1,301,1,305,0.0974066
1,301,1,309,0.228752
1,301,1,310,0.00145421
1,301,1,312,0.00758386
1,302,1,306,0.00211244
1,302,1,308,0.231218
1,302,1,313,0.00735848
1,303,1,309,0.00808883
1,303,1,310,0.00168429
1,303,1,311,0.00108308
1,303,1,312,0.00940152
1,304,1,310,0.00159151
1,304,1,311,0.00918566
1,305,1,313,0.00348217
1,306,1,312,0.00497413
1,307,1,311,0.00451494
1,309,1,315,0.00698017
1,309,1,316,0.00624186
1,309,1,459,0.00148546
1,310,1,314,0.00514446
1,310,1,315,0.00553351
1,310,1,458,0.00194973
1,311,1,317,0.0025802
1,311,1,457,0.00207521
1,311,1,458,0.00246546
1,312,1,316,0.00256509
1,312,1,457,0.00256025
1,313,1,455,0.00736676
1,313,1,456,0.00129231
1,314,1,454,0.00880547
1,314,1,556,0.00145595
1,315,1,453,0.00892842
1,315,1,555,0.00160282
1,316,1,452,0.00893052
1,316,1,554,0.00158091
1,317,1,451,0.00881923
1,318,1,541,0.276832
1,319,1,403,0.00395389
1,319,1,450,0.00640532
1,319,1,540,0.29541
1,320,1,402,0.00400938
1,320,1,449,0.00640344
1,320,1,539,0.308202
1,321,1,448,0.0035836
1,321,1,538,0.308411
1,321,1,541,0.00421112
1,322,1,400,0.00442503
1,322,1,402,0.00194542
1,322,1,403,0.00415305
1,322,1,537,0.284685
1,322,1,540,0.00442006
1,323,1,399,0.0044035
1,323,1,401,0.00192772
1,323,1,402,0.0041643
1,323,1,539,0.00446442
1,324,1,535,0.283965
1,324,1,538,0.00446235
1,325,1,399,0.00181354
1,325,1,534,0.30671
1,325,1,537,0.00436037
1,326,1,397,0.0207246
1,326,1,533,0.304901
1,326,1,536,0.0025542
1,327,1,396,0.0286545
1,327,1,532,0.302592
1,328,1,395,0.0289858
1,328,1,531,0.303436
1,329,1,394,0.0290167
1,329,1,530,0.302758
1,330,1,393,0.0290659
1,330,1,529,0.296089
1,332,1,343,0.0126106
1,332,1,362,0.0156547
1,332,1,392,0.030639
1,332,1,444,0.0129959
1,332,1,445,0.00363038
1,332,1,462,0.00307514
1,332,1,479,0.0308251
1,332,1,524,0.00176631
1,332,1,527,0.213853
1,333,1,342,0.0127031
1,333,1,361,0.0170048
1,333,1,391,0.0309847
1,333,1,443,0.0131011
1,333,1,444,0.00363897
1,333,1,461,0.00313535
1,333,1,478,0.0311232
1,333,1,523,0.00177752
1,333,1,526,0.213635
1,334,1,360,0.0170646
1,334,1,390,0.030974
1,334,1,395,0.0152657
1,334,1,442,0.00933371
1,334,1,460,0.0030921
1,334,1,477,0.031075
1,334,1,522,0.0017723
1,334,1,525,0.1893
1,335,1,341,0.00923823
1,335,1,359,0.0165637
1,335,1,389,0.0308059
1,335,1,394,0.0557994
1,335,1,459,0.00241634
1,335,1,476,0.030306
1,335,1,493,0.00251937
1,335,1,499,0.00170965
1,335,1,521,0.00165649
1,335,1,523,0.0150788
1,335,1,524,0.0973095
1,336,1,340,0.0103329
1,336,1,347,0.00139015
1,336,1,375,0.00115964
1,336,1,388,0.0298472
1,336,1,393,0.0710232
1,336,1,441,0.0138212
1,336,1,442,0.00158558
1,336,1,492,0.00318602
1,336,1,498,0.00207919
1,336,1,522,0.0300602
1,337,1,346,0.00143229
1,337,1,497,0.00203741
1,338,1,343,0.00141318
1,338,1,358,0.0128301
1,338,1,387,0.00156787
1,338,1,392,0.0728137
1,338,1,440,0.0684642
1,338,1,445,0.0017749
1,338,1,475,0.0012074
1,338,1,491,0.00490691
1,338,1,520,0.0499583
1,339,1,358,0.00185677
1,339,1,391,0.0727478
1,339,1,439,0.0766379
1,339,1,444,0.00178625
1,339,1,474,0.00119245
1,339,1,490,0.00493011
1,339,1,519,0.0494283
1,339,1,520,0.0266482
1,339,1,523,0.00105904
1,340,1,354,0.118392
1,340,1,387,0.00185653
1,340,1,438,0.0783217
1,340,1,443,0.00178798
1,340,1,489,0.00490488
1,340,1,516,0.0131789
1,340,1,519,0.0267142
1,341,1,349,0.00915232
1,341,1,353,0.120697
1,341,1,386,0.00194979
1,341,1,437,0.074538
1,341,1,442,0.00172219
1,341,1,454,0.0052378
1,341,1,515,0.0138191
1,342,1,348,0.0109097
1,342,1,351,0.0494635
1,342,1,352,0.118579
1,342,1,369,0.00686677
1,342,1,385,0.00182249
1,342,1,403,0.00115616
1,342,1,435,0.00390861
1,342,1,441,0.00162027
1,342,1,450,0.00165157
1,342,1,453,0.0117738
1,342,1,498,0.00155632
1,342,1,514,0.0134485
1,342,1,515,0.0115844
1,343,1,347,0.0103995
1,343,1,350,0.0538512
1,343,1,351,0.113652
1,343,1,368,0.00735419
1,343,1,402,0.00116393
1,343,1,434,0.00555894
1,343,1,435,0.00327554
1,343,1,449,0.00163755
1,343,1,452,0.0118093
1,343,1,497,0.00163259
1,343,1,498,0.00630041
1,343,1,514,0.0116014
1,344,1,349,0.053174
1,344,1,367,0.016151
1,344,1,401,0.00111769
1,344,1,435,0.0538391
1,344,1,451,0.0115915
1,344,1,497,0.00634996
1,345,1,366,0.0191126
1,345,1,432,0.0068005
1,345,1,447,0.00140076
1,345,1,495,0.0200397
1,345,1,513,0.00531117
1,346,1,365,0.0191276
1,346,1,431,0.00659991
1,346,1,433,0.0659357
1,346,1,446,0.0014297
1,346,1,476,0.00326746
1,346,1,494,0.0204119
1,346,1,496,0.00124675
1,346,1,511,0.00271962
1,346,1,512,0.00438377
1,346,1,521,0.00488198
1,347,1,364,0.0189335
1,347,1,432,0.0663322
1,347,1,445,0.00143183
1,347,1,448,0.0134318
1,347,1,462,0.00105364
1,347,1,475,0.00347915
1,347,1,493,0.0198591
1,347,1,495,0.00136551
1,347,1,507,0.0016114
1,347,1,510,0.00290022
1,347,1,520,0.00503812
1,348,1,362,0.00308138
1,348,1,366,0.00557226
1,348,1,429,0.00608837
1,348,1,444,0.00142653
1,348,1,447,0.0143532
1,348,1,461,0.00104882
1,348,1,474,0.00348305
1,348,1,493,0.00156606
1,348,1,495,0.00349442
1,348,1,506,0.001652
1,348,1,510,0.00108581
1,348,1,519,0.00503446
1,349,1,361,0.00283955
1,349,1,362,0.00768762
1,349,1,365,0.00570286
1,349,1,428,0.00563868
1,349,1,430,0.0658714
1,349,1,443,0.00117281
1,349,1,446,0.0143883
1,349,1,473,0.00345732
1,349,1,491,0.00252466
1,349,1,494,0.00359539
1,349,1,505,0.00164449
1,349,1,518,0.00462558
1,349,1,521,0.0014669
1,350,1,361,0.00798026
1,350,1,362,0.00443586
1,350,1,364,0.00572188
1,350,1,429,0.066085
1,350,1,439,0.00165077
1,350,1,440,0.00101799
1,350,1,445,0.0143959
1,350,1,472,0.00319265
1,350,1,490,0.00260273
1,350,1,491,0.0255668
1,350,1,493,0.00345606
1,350,1,504,0.00154563
1,350,1,507,0.00338021
1,350,1,520,0.00178388
1,351,1,361,0.00452575
1,351,1,362,0.00410116
1,351,1,366,0.00127194
1,351,1,438,0.00169027
1,351,1,439,0.00121648
1,351,1,444,0.0143832
1,351,1,489,0.00255694
1,351,1,490,0.0269653
1,351,1,491,0.00361247
1,351,1,506,0.00342057
1,351,1,519,0.00176164
1,352,1,358,0.00784551
1,352,1,361,0.0042507
1,352,1,362,0.00744107
1,352,1,366,0.00549659
1,352,1,392,0.0181312
1,352,1,426,0.544803
1,352,1,443,0.0116419
1,352,1,462,0.00125111
1,352,1,489,0.027058
1,352,1,490,0.00363742
1,352,1,504,0.0153736
1,352,1,708,0.00712308
1,353,1,357,0.00583898
1,353,1,358,0.0280506
1,353,1,359,0.00132204
1,353,1,361,0.00784044
1,353,1,364,0.0306256
1,353,1,365,0.00357075
1,353,1,391,0.018497
1,353,1,394,0.0414246
1,353,1,425,0.56053
1,353,1,461,0.00126556
1,353,1,488,0.0238827
1,353,1,489,0.00347452
1,353,1,503,0.0157404
1,353,1,707,0.00722242
1,353,1,710,0.0175055
1,354,1,360,0.00787559
1,354,1,363,0.0629772
1,354,1,388,0.00119725
1,354,1,390,0.0194734
1,354,1,393,0.0557909
1,354,1,424,0.56554
1,354,1,460,0.00127644
1,354,1,492,0.00100114
1,354,1,502,0.0158202
1,354,1,709,0.0282444
1,355,1,361,0.0754097
1,355,1,362,0.0636077
1,355,1,387,0.00126524
1,355,1,389,0.0196814
1,355,1,392,0.056184
1,355,1,413,0.00100267
1,355,1,423,0.565557
1,355,1,459,0.00127184
1,355,1,486,0.00955969
1,355,1,491,0.00103167
1,355,1,501,0.0158174
1,355,1,708,0.0284218
1,356,1,422,0.528977
1,356,1,485,0.00797668
1,357,1,422,0.00296184
1,357,1,485,0.0110059
1,358,1,388,0.0434369
1,358,1,390,0.0176716
1,358,1,407,0.00327967
1,358,1,484,0.0115278
1,358,1,498,0.0142138
1,358,1,705,0.00797665
1,359,1,367,0.00182898
1,359,1,406,0.00332762
1,359,1,419,0.561068
1,359,1,497,0.0139538
1,359,1,703,0.0632798
1,360,1,366,0.00231582
1,360,1,387,0.122504
1,360,1,389,0.00225739
1,360,1,391,0.00271386
1,360,1,392,0.00307885
1,360,1,418,0.561217
1,360,1,481,0.00236742
1,360,1,483,0.00190773
1,360,1,486,0.00771251
1,360,1,495,0.00119569
1,360,1,516,0.0010154
1,360,1,541,0.00142869
1,360,1,667,0.00487277
1,360,1,702,0.0645329
1,361,1,386,0.130714
1,361,1,388,0.00124592
1,361,1,390,0.00259671
1,361,1,404,0.00677799
1,361,1,417,0.555091
1,361,1,480,0.00216526
1,361,1,482,0.00150862
1,361,1,485,0.00820237
1,361,1,515,0.00105255
1,361,1,540,0.00157832
1,361,1,584,0.00188154
1,361,1,666,0.00553253
1,361,1,701,0.0647883
1,362,1,385,0.132578
1,362,1,388,0.0215516
1,362,1,390,0.265114
1,362,1,403,0.00711023
1,362,1,416,0.368417
1,362,1,484,0.0083632
1,362,1,514,0.00106062
1,362,1,539,0.00165769
1,362,1,583,0.0019044
1,362,1,665,0.00553498
1,362,1,700,0.0649199
1,363,1,384,0.132375
1,363,1,387,0.0265574
1,363,1,389,0.396749
1,363,1,483,0.00835103
1,363,1,513,0.00105542
1,363,1,538,0.00165869
1,363,1,582,0.00191552
1,363,1,664,0.00553493
1,363,1,699,0.064907
1,364,1,385,0.00123564
1,364,1,386,0.0187968
1,364,1,388,0.400314
1,364,1,401,0.010343
1,364,1,402,0.001003
1,364,1,414,0.00943119
1,364,1,415,0.159623
1,364,1,482,0.00362206
1,364,1,537,0.00158834
1,364,1,581,0.00138322
1,364,1,663,0.00509103
1,365,1,386,0.356565
1,365,1,400,0.0128879
1,365,1,442,0.00442874
1,366,1,375,0.00117036
1,366,1,385,0.395736
1,366,1,386,0.00594332
1,366,1,399,0.0133972
1,366,1,414,0.00283989
1,366,1,415,0.00524506
1,366,1,441,0.00499072
1,366,1,661,0.00550356
1,366,1,696,0.0649512
1,367,1,374,0.00114743
1,367,1,383,0.605479
1,367,1,384,0.201988
1,367,1,398,0.0112205
1,367,1,660,0.00551409
1,367,1,695,0.0640375
1,368,1,382,0.806512
1,368,1,383,0.101375
1,368,1,397,0.00428317
1,368,1,659,0.00549805
1,368,1,694,0.0593509
1,369,1,381,0.917098
1,369,1,658,0.00547698
1,369,1,693,0.0586125
1,370,1,380,0.915345
1,370,1,692,0.0562337
1,371,1,379,0.911715
1,371,1,382,0.0016944
1,371,1,496,0.00104557
1,371,1,670,0.00216225
1,371,1,691,0.0433833
1,372,1,378,0.914732
1,372,1,379,0.00790435
1,372,1,381,0.00290301
1,372,1,384,0.00242799
1,372,1,495,0.00117058
1,372,1,582,0.00150651
1,372,1,654,0.00110507
1,372,1,669,0.00392787
1,372,1,670,0.00500566
1,372,1,689,0.00884605
1,373,1,377,0.665362
1,373,1,378,0.00735667
1,373,1,379,0.00122129
1,373,1,381,0.00904988
1,373,1,383,0.00251553
1,373,1,467,0.00465613
1,373,1,494,0.00101155
1,373,1,653,0.00106529
1,373,1,656,0.00396639
1,373,1,668,0.00368094
1,373,1,669,0.00493753
1,373,1,688,0.00863896
1,373,1,689,0.00177961
1,374,1,380,0.0113265
1,374,1,466,0.00536633
1,374,1,655,0.00418117
1,375,1,379,0.0107253
1,375,1,381,0.00369931
1,375,1,465,0.00538184
1,375,1,654,0.00417751
1,375,1,686,0.00747368
1,376,1,380,0.00216813
1,376,1,464,0.00437596
1,377,1,622,0.00365559
1,378,1,396,0.0264464
1,378,1,584,0.00796354
1,378,1,621,0.00531603
1,378,1,684,0.00901252
1,379,1,395,0.0267493
1,379,1,583,0.00803233
1,379,1,620,0.00532846
1,379,1,683,0.00901526
1,380,1,394,0.0267545
1,380,1,582,0.00796469
1,380,1,619,0.00533242
1,380,1,682,0.00899548
1,381,1,393,0.0266355
1,381,1,402,0.00207766
1,381,1,581,0.00130507
1,381,1,618,0.00533431
1,381,1,681,0.00892171
1,382,1,401,0.00209552
1,382,1,617,0.0052599
1,383,1,400,0.00210183
1,383,1,485,0.0022192
1,383,1,581,0.0294605
1,383,1,679,0.00840705
1,384,1,390,0.0306341
1,384,1,393,0.0353181
1,384,1,396,0.00420506
1,384,1,399,0.00206412
1,384,1,414,0.211547
1,384,1,480,0.00224647
1,384,1,484,0.00352129
1,384,1,492,0.00117441
1,384,1,528,0.0247605
1,384,1,580,0.0330918
1,384,1,678,0.00846157
1,384,1,690,0.00370599
1,385,1,389,0.0304645
1,385,1,392,0.0354222
1,385,1,413,0.21575
1,385,1,479,0.00228457
1,385,1,483,0.00342585
1,385,1,486,0.00189787
1,385,1,491,0.00117566
1,385,1,527,0.0248114
1,385,1,689,0.00376255
1,386,1,391,0.0333169
1,386,1,394,0.0106131
1,386,1,412,0.214625
1,386,1,478,0.00227147
1,386,1,483,0.00117217
1,386,1,526,0.0247378
1,386,1,578,0.0473193
1,386,1,677,0.0076402
1,386,1,688,0.00374505
1,387,1,393,0.0121496
1,387,1,411,0.211856
1,387,1,414,0.00182
1,387,1,477,0.00223821
1,387,1,482,0.012487
1,387,1,484,0.0178908
1,387,1,525,0.0246709
1,387,1,577,0.0504509
1,387,1,676,0.00794185
1,387,1,687,0.00374124
1,387,1,705,0.00130245
1,388,1,392,0.0120991
1,388,1,409,0.0922294
1,388,1,412,0.00433132
1,388,1,413,0.00137979
1,388,1,418,0.00171852
1,388,1,475,0.00140517
1,388,1,481,0.0212471
1,388,1,483,0.0297331
1,388,1,524,0.0245399
1,388,1,576,0.0504578
1,388,1,686,0.00368813
1,389,1,408,0.0895369
1,389,1,411,0.00520493
1,389,1,416,0.00178613
1,389,1,417,0.00182575
1,389,1,419,0.00128788
1,389,1,480,0.0213742
1,389,1,482,0.0299203
1,389,1,575,0.0503711
1,389,1,675,0.0081781
1,389,1,703,0.00227978
1,390,1,409,0.126068
1,390,1,418,0.00139622
1,390,1,472,0.00246383
1,390,1,479,0.0204527
1,390,1,481,0.0299557
1,390,1,516,0.00387008
1,390,1,523,0.0221012
1,390,1,574,0.0503975
1,390,1,674,0.00817911
1,390,1,685,0.00339917
1,390,1,702,0.00230453
1,391,1,400,0.00215838
1,391,1,402,0.00120181
1,391,1,403,0.0406147
1,391,1,404,0.0300567
1,391,1,405,0.0149376
1,391,1,406,0.0298494
1,391,1,407,0.0114038
1,391,1,408,0.126788
1,391,1,415,0.330009
1,391,1,416,0.00232438
1,391,1,417,0.00151484
1,391,1,469,0.00208618
1,391,1,471,0.00260241
1,391,1,480,0.0189482
1,391,1,515,0.00471238
1,391,1,522,0.0217271
1,391,1,529,0.00115779
1,391,1,572,0.00322411
1,391,1,573,0.0470329
1,391,1,673,0.00817871
1,391,1,684,0.00342343
1,391,1,701,0.00231246
1,392,1,396,0.00130976
1,392,1,399,0.00440069
1,392,1,401,0.00124365
1,392,1,402,0.0424821
1,392,1,403,0.0345471
1,392,1,404,0.0146539
1,392,1,405,0.0284332
1,392,1,406,0.00886314
1,392,1,407,0.122737
1,392,1,414,0.332241
1,392,1,415,0.00204307
1,392,1,416,0.00162499
1,392,1,466,0.00244833
1,392,1,468,0.00258685
1,392,1,470,0.00259423
1,392,1,480,0.00125339
1,392,1,502,0.00108542
1,392,1,514,0.00621821
1,392,1,528,0.0023056
1,392,1,571,0.00638635
1,392,1,572,0.0395539
1,392,1,672,0.00814477
1,392,1,683,0.00337508
1,392,1,700,0.00231915
1,393,1,413,0.33076
1,393,1,465,0.0024992
1,393,1,479,0.00208286
1,393,1,481,0.00125391
1,393,1,501,0.00110739
1,393,1,513,0.00625463
1,393,1,516,0.00140392
1,393,1,520,0.00386543
1,393,1,524,0.0012125
1,393,1,527,0.00278945
1,393,1,570,0.0094714
1,393,1,671,0.0081135
1,393,1,699,0.00231392
1,394,1,400,0.0266222
1,394,1,401,0.0222349
1,394,1,406,0.0173474
1,394,1,464,0.00239996
1,394,1,466,0.00155892
1,394,1,515,0.00130605
1,395,1,409,0.00162026
1,395,1,412,0.0167535
1,395,1,413,0.00952282
1,395,1,465,0.00136883
1,395,1,479,0.00410348
1,395,1,520,0.00188208
1,395,1,524,0.0666157
1,395,1,613,0.0127854
1,395,1,670,0.00758641
1,395,1,694,0.00230384
1,396,1,409,0.0449452
1,396,1,412,0.011734
1,396,1,465,0.00116779
1,396,1,478,0.0041458
1,396,1,510,0.00407428
1,396,1,516,0.023093
1,396,1,519,0.00183949
1,396,1,523,0.0672653
1,396,1,524,0.00241851
1,396,1,567,0.00149568
1,396,1,612,0.0129693
1,396,1,669,0.00761615
1,396,1,693,0.00232284
1,397,1,401,0.00240424
1,397,1,406,0.00166006
1,397,1,464,0.0013109
1,397,1,497,0.00142638
1,397,1,509,0.00384309
1,397,1,515,0.0230916
1,397,1,611,0.0129312
1,397,1,692,0.00210254
1,398,1,406,0.00104186
1,398,1,466,0.0415281
1,398,1,497,0.00122824
1,398,1,610,0.0129455
1,399,1,409,0.00776114
1,399,1,412,0.00226308
1,399,1,432,0.00145216
1,399,1,448,0.00278153
1,399,1,465,0.0429247
1,399,1,478,0.00129356
1,399,1,495,0.0224423
1,399,1,507,0.00399831
1,399,1,513,0.0277976
1,399,1,519,0.0821087
1,399,1,523,0.0024782
1,399,1,567,0.00389327
1,399,1,570,0.0267058
1,399,1,609,0.0129613
1,399,1,697,0.00370239
1,400,1,409,0.00231205
1,400,1,410,0.00444645
1,400,1,431,0.00147055
1,400,1,447,0.00328921
1,400,1,494,0.0226521
1,400,1,495,0.00758147
1,400,1,506,0.00398874
1,400,1,512,0.0283277
1,400,1,518,0.0826722
1,400,1,566,0.00375349
1,400,1,569,0.0278934
1,400,1,608,0.0126744
1,401,1,409,0.00475958
1,401,1,410,0.0347777
1,401,1,430,0.00147887
1,401,1,446,0.00478673
1,401,1,463,0.060662
1,401,1,476,0.0132671
1,401,1,493,0.0219455
1,401,1,494,0.00976772
1,401,1,496,0.00103794
1,401,1,505,0.00398077
1,401,1,511,0.0282519
1,401,1,517,0.0825217
1,401,1,521,0.0133029
1,401,1,565,0.00240187
1,401,1,568,0.0281418
1,401,1,607,0.0105319
1,401,1,695,0.0142821
1,402,1,409,0.0355262
1,402,1,413,0.00133364
1,402,1,429,0.00147756
1,402,1,445,0.00502067
1,402,1,462,0.0650857
1,402,1,475,0.0139719
1,402,1,479,0.00210609
1,402,1,493,0.0100145
1,402,1,495,0.00108267
1,402,1,504,0.0039407
1,402,1,510,0.0279247
1,402,1,516,0.0805335
1,402,1,520,0.0137247
1,402,1,567,0.0279418
1,402,1,694,0.0149582
1,403,1,409,0.00155127
1,403,1,412,0.00141197
1,403,1,413,0.00166164
1,403,1,444,0.00501995
1,403,1,445,0.00324225
1,403,1,461,0.0664871
1,403,1,462,0.0023892
1,403,1,474,0.0139794
1,403,1,478,0.00223576
1,403,1,479,0.0159098
1,403,1,481,0.00915264
1,403,1,490,0.0011904
1,403,1,491,0.0376173
1,403,1,519,0.0136907
1,403,1,524,0.0011371
1,403,1,693,0.0149061
1,404,1,412,0.00177299
1,404,1,413,0.00548776
1,404,1,443,0.00427955
1,404,1,444,0.00325299
1,404,1,448,0.189736
1,404,1,461,0.00300503
1,404,1,465,0.00207428
1,404,1,475,0.002344
1,404,1,478,0.0158946
1,404,1,479,0.0016608
1,404,1,481,0.00149453
1,404,1,489,0.00117291
1,404,1,490,0.0380217
1,404,1,507,0.00418256
1,404,1,523,0.00117445
1,404,1,670,0.00232562
1,405,1,409,0.00100815
1,405,1,412,0.00629519
1,405,1,426,0.00111244
1,405,1,443,0.0029215
1,405,1,447,0.251845
1,405,1,459,0.066446
1,405,1,474,0.00237481
1,405,1,478,0.00167627
1,405,1,489,0.0379687
1,405,1,506,0.00422022
1,405,1,669,0.00233274
1,406,1,425,0.00109697
1,406,1,446,0.259852
1,406,1,458,0.0666579
1,406,1,463,0.00720093
1,406,1,473,0.00231099
1,406,1,476,0.018188
1,406,1,487,0.00247961
1,406,1,488,0.0358446
1,406,1,505,0.00420467
1,406,1,521,0.00140015
1,406,1,668,0.00220088
1,407,1,445,0.260211
1,407,1,457,0.0653093
1,407,1,462,0.00810557
1,407,1,472,0.00203066
1,407,1,475,0.0184198
1,407,1,486,0.00383757
1,407,1,504,0.00410743
1,407,1,520,0.0014246
1,407,1,667,0.00150494
1,408,1,444,0.254993
1,408,1,457,0.00385266
1,408,1,461,0.00816829
1,408,1,474,0.0184062
1,408,1,486,0.0284679
1,408,1,519,0.00142439
1,409,1,455,0.00123493
1,409,1,456,0.00127578
1,409,1,460,0.00792406
1,409,1,485,0.0122735
1,410,1,419,0.00313412
1,410,1,454,0.00114579
1,411,1,418,0.00320983
1,411,1,443,0.34878
1,411,1,472,0.0124123
1,411,1,516,0.00128934
1,412,1,417,0.00291138
1,412,1,442,0.397963
1,412,1,471,0.0130592
1,412,1,515,0.00129113
1,413,1,441,0.402755
1,413,1,470,0.0128224
1,413,1,514,0.0012938
1,414,1,440,0.36587
1,414,1,513,0.00128452
1,415,1,439,0.328721
1,415,1,440,0.0550926
1,416,1,438,0.290489
1,416,1,439,0.100386
1,417,1,423,0.00609672
1,417,1,426,0.0024793
1,417,1,438,0.137771
1,418,1,422,0.00216585
1,418,1,424,0.00590224
1,418,1,434,0.20224
1,418,1,437,0.172495
1,419,1,423,0.00554314
1,419,1,430,0.00106
1,419,1,432,0.00190171
1,419,1,433,0.201607
1,419,1,436,0.17195
1,420,1,435,0.162759
1,421,1,437,0.00108485
1,422,1,428,0.029846
1,422,1,429,0.0253518
1,422,1,430,0.00643423
1,422,1,431,0.0509768
1,422,1,432,0.0139529
1,422,1,433,0.0578268
1,422,1,436,0.00124741
1,423,1,434,0.00421611
1,424,1,429,0.0370954
1,424,1,432,0.0321877
1,425,1,435,0.00539234
1,425,1,437,0.00120599
1,426,1,434,0.00574682
1,426,1,437,0.00202003
1,427,1,435,0.00179858
1,427,1,437,0.00131926
1,428,1,435,0.0439164
1,428,1,437,0.00178229
1,428,1,442,0.00219442
1,428,1,581,0.00809103
1,429,1,434,0.0479136
1,429,1,435,0.00526132
1,429,1,441,0.00230126
1,429,1,580,0.009027
1,429,1,583,0.00116383
1,430,1,435,0.00201515
1,431,1,435,0.00115863
1,431,1,437,0.00262176
1,431,1,442,0.00190694
1,431,1,581,0.0340917
1,432,1,441,0.002089
1,432,1,577,0.01043
1,432,1,580,0.0379787
1,433,1,709,0.00469224
1,434,1,440,0.00217799
1,434,1,475,0.00543837
1,434,1,576,0.00769583
1,434,1,669,0.00209085
1,434,1,694,0.00228535
1,434,1,708,0.00484871
1,435,1,439,0.00176302
1,435,1,474,0.00554805
1,435,1,576,0.232306
1,435,1,668,0.00204605
1,435,1,693,0.00222982
1,435,1,707,0.00429579
1,436,1,575,0.342955
1,436,1,692,0.00168558
1,437,1,472,0.0072743
1,437,1,557,0.00107402
1,437,1,574,0.372931
1,437,1,691,0.00128471
1,438,1,451,0.0107354
1,438,1,471,0.00910685
1,438,1,556,0.00121082
1,438,1,573,0.404
1,439,1,450,0.020142
1,439,1,470,0.0090004
1,439,1,555,0.00124995
1,439,1,572,0.40443
1,440,1,449,0.0211416
1,440,1,460,0.0421596
1,440,1,514,0.00125483
1,440,1,554,0.00124534
1,440,1,571,0.404486
1,441,1,447,0.00101242
1,441,1,448,0.023647
1,441,1,459,0.0761451
1,441,1,474,0.00587823
1,441,1,475,0.00196727
1,441,1,513,0.00280839
1,441,1,520,0.00170836
1,441,1,570,0.404448
1,442,1,447,0.0231532
1,442,1,458,0.0762886
1,442,1,472,0.00408237
1,442,1,473,0.00422813
1,442,1,474,0.0017032
1,442,1,512,0.00282133
1,442,1,519,0.00167284
1,442,1,553,0.00229781
1,442,1,569,0.399531
1,442,1,626,0.0037444
1,443,1,470,0.00127482
1,443,1,471,0.00887998
1,443,1,552,0.00565797
1,443,1,625,0.00521475
1,444,1,453,0.00235418
1,444,1,456,0.226874
1,444,1,469,0.00139686
1,444,1,470,0.00897686
1,444,1,551,0.00565718
1,444,1,624,0.00527345
1,445,1,452,0.00236709
1,445,1,455,0.229186
1,445,1,468,0.00139337
1,445,1,469,0.00894183
1,445,1,528,0.00111312
1,445,1,623,0.00527224
1,446,1,451,0.00224726
1,446,1,454,0.229305
1,446,1,622,0.00527053
1,447,1,453,0.229284
1,447,1,509,0.012299
1,447,1,515,0.00113984
1,447,1,529,0.00191533
1,447,1,546,0.00649635
1,447,1,564,0.411833
1,447,1,621,0.00526943
1,448,1,452,0.215649
1,448,1,466,0.0101773
1,448,1,480,0.0596737
1,448,1,508,0.018399
1,448,1,514,0.00145279
1,448,1,525,0.00354433
1,448,1,528,0.00317005
1,448,1,545,0.00652783
1,448,1,563,0.415309
1,448,1,620,0.0050038
1,449,1,461,0.00461138
1,449,1,465,0.0105065
1,449,1,475,0.00630657
1,449,1,478,0.0265857
1,449,1,479,0.116206
1,449,1,481,0.00191518
1,449,1,490,0.00100251
1,449,1,493,0.00233423
1,449,1,507,0.0232531
1,449,1,513,0.00171776
1,449,1,520,0.00665556
1,449,1,523,0.0020546
1,449,1,524,0.00749935
1,449,1,527,0.00319439
1,449,1,544,0.00692724
1,449,1,562,0.417339
1,449,1,670,0.0138157
1,450,1,459,0.0231261
1,450,1,474,0.00633174
1,450,1,478,0.116911
1,450,1,489,0.00100529
1,450,1,495,0.00493831
1,450,1,506,0.0232415
1,450,1,519,0.00667279
1,450,1,523,0.00758984
1,450,1,526,0.00293693
1,450,1,543,0.00692543
1,450,1,561,0.416597
1,450,1,669,0.0138623
1,450,1,699,0.00288528
1,451,1,458,0.023707
1,451,1,463,0.0124161
1,451,1,473,0.00624531
1,451,1,476,0.269409
1,451,1,479,0.00266383
1,451,1,491,0.00276041
1,451,1,494,0.00520578
1,451,1,505,0.0227971
1,451,1,518,0.00464067
1,451,1,521,0.0369502
1,451,1,542,0.00530885
1,451,1,560,0.287407
1,451,1,668,0.0104423
1,451,1,698,0.00345685
1,452,1,457,0.0238641
1,452,1,462,0.0136373
1,452,1,465,0.00220703
1,452,1,472,0.00576821
1,452,1,475,0.377611
1,452,1,478,0.0116332
1,452,1,479,0.0290967
1,452,1,490,0.0199022
1,452,1,493,0.00519766
1,452,1,504,0.0182163
1,452,1,507,0.00329414
1,452,1,520,0.0631955
1,452,1,524,0.00106965
1,452,1,541,0.0031888
1,452,1,544,0.0114107
1,452,1,667,0.00545765
1,452,1,670,0.00322646
1,452,1,697,0.00361406
1,453,1,457,0.00134056
1,453,1,459,0.00254761
1,453,1,461,0.0136049
1,453,1,474,0.37826
1,453,1,478,0.0300805
1,453,1,489,0.0245424
1,453,1,490,0.00110616
1,453,1,506,0.00362536
1,453,1,519,0.0632295
1,453,1,523,0.00107678
1,453,1,543,0.0119664
1,453,1,669,0.00325735
1,454,1,458,0.0020197
1,454,1,463,0.0218116
1,454,1,473,0.375226
1,454,1,476,0.188823
1,454,1,487,0.00230571
1,454,1,488,0.0234899
1,454,1,491,0.0048853
1,454,1,505,0.00365902
1,454,1,518,0.0386395
1,454,1,521,0.00292296
1,454,1,542,0.0117372
1,454,1,614,0.00305905
1,454,1,668,0.00315473
1,454,1,695,0.00473036
1,455,1,459,0.00237017
1,455,1,462,0.0234396
1,455,1,472,0.319729
1,455,1,475,0.228292
1,455,1,479,0.00372828
1,455,1,486,0.00313331
1,455,1,490,0.00863376
1,455,1,504,0.0036289
1,455,1,520,0.0030367
1,455,1,541,0.0112615
1,455,1,613,0.00318413
1,455,1,667,0.00276928
1,455,1,694,0.00479744
1,456,1,461,0.0237977
1,456,1,472,0.0527324
1,456,1,474,0.228135
1,456,1,478,0.00383323
1,456,1,486,0.0211488
1,456,1,489,0.00867605
1,456,1,516,0.0043209
1,456,1,519,0.00303205
1,456,1,612,0.00318264
1,456,1,693,0.00479519
1,457,1,468,0.0352718
1,457,1,469,0.0025453
1,457,1,470,0.0561056
1,457,1,471,0.102302
1,457,1,477,0.00367741
1,457,1,484,0.00316567
1,457,1,485,0.013032
1,457,1,515,0.00141326
1,457,1,584,0.0012105
1,457,1,585,0.0012114
1,457,1,611,0.00212253
1,457,1,692,0.00336011
1,458,1,485,0.0368951
1,458,1,515,0.00498912
1,458,1,540,0.0161281
1,458,1,610,0.00168318
1,458,1,611,0.00109375
1,459,1,466,0.0636474
1,459,1,468,0.00615886
1,459,1,469,0.0141741
1,459,1,470,0.125105
1,459,1,471,0.190677
1,459,1,482,0.027787
1,459,1,484,0.0470089
1,459,1,502,0.0124516
1,459,1,514,0.00673935
1,459,1,539,0.019657
1,459,1,583,0.00798849
1,459,1,610,0.00151935
1,459,1,663,0.00289508
1,460,1,465,0.0641025
1,460,1,472,0.0869776
1,460,1,481,0.0298488
1,460,1,483,0.0470324
1,460,1,486,0.00201563
1,460,1,501,0.0125737
1,460,1,513,0.00672381
1,460,1,523,0.00124971
1,460,1,538,0.0196857
1,460,1,582,0.00967526
1,460,1,609,0.00256414
1,460,1,662,0.00291192
1,461,1,466,0.00180488
1,461,1,468,0.0259043
1,461,1,469,0.360464
1,461,1,470,0.110651
1,461,1,471,0.0984745
1,461,1,480,0.0279527
1,461,1,482,0.045778
1,461,1,485,0.00201583
1,461,1,522,0.00136567
1,461,1,537,0.0194497
1,461,1,581,0.00973741
1,461,1,661,0.00288282
1,462,1,466,0.00172174
1,462,1,468,0.359979
1,462,1,469,0.111174
1,462,1,470,0.0975213
1,462,1,480,0.0184815
1,462,1,484,0.00199902
1,462,1,498,0.0144072
1,462,1,580,0.0097293
1,462,1,606,0.0101167
1,462,1,618,0.00751782
1,463,1,497,0.0144052
1,463,1,605,0.0140041
1,463,1,617,0.00760798
1,464,1,472,0.00154753
1,464,1,478,0.0719426
1,464,1,481,0.00190891
1,464,1,483,0.00103761
1,464,1,496,0.013667
1,464,1,503,0.00125291
1,464,1,523,0.00116631
1,464,1,535,0.016031
1,464,1,559,0.01048
1,464,1,578,0.00970155
1,464,1,595,0.00568376
1,464,1,604,0.0148444
1,464,1,616,0.00757549
1,464,1,658,0.00231215
1,465,1,469,0.00100526
1,465,1,471,0.0032285
1,465,1,477,0.0828341
1,465,1,480,0.00281468
1,465,1,482,0.00185046
1,465,1,502,0.00140861
1,465,1,522,0.00186326
1,465,1,534,0.0192001
1,465,1,558,0.0130026
1,465,1,577,0.00990589
1,465,1,594,0.00750242
1,465,1,603,0.0149683
1,465,1,615,0.00758327
1,465,1,657,0.00248932
1,466,1,476,0.0827864
1,466,1,479,0.00274558
1,466,1,481,0.00191881
1,466,1,494,0.00812402
1,466,1,501,0.00138543
1,466,1,521,0.0018585
1,466,1,533,0.0191574
1,466,1,557,0.012754
1,466,1,576,0.00983474
1,466,1,593,0.00751152
1,466,1,602,0.0142367
1,466,1,614,0.00741314
1,466,1,656,0.00248852
1,467,1,532,0.0171032
1,467,1,556,0.00461988
1,467,1,575,0.00918567
1,467,1,592,0.00679906
1,467,1,655,0.0024818
1,468,1,474,0.0116822
1,468,1,475,0.0890892
1,468,1,479,0.00265773
1,468,1,481,0.0123262
1,468,1,520,0.00170254
1,468,1,574,0.00882092
1,468,1,591,0.00163666
1,468,1,613,0.00308034
1,468,1,654,0.00245277
1,469,1,474,0.0903278
1,469,1,475,0.0335382
1,469,1,478,0.00265484
1,469,1,479,0.0024007
1,469,1,481,0.00660731
1,469,1,491,0.00635681
1,469,1,519,0.00168405
1,469,1,612,0.00216917
1,470,1,474,0.034159
1,470,1,478,0.00229244
1,470,1,479,0.0747351
1,470,1,490,0.00651529
1,470,1,520,0.00583966
1,470,1,524,0.0025342
1,470,1,613,0.00107539
1,470,1,670,0.00112477
1,471,1,478,0.0759999
1,471,1,489,0.00652584
1,471,1,519,0.00589082
1,471,1,523,0.0033005
1,471,1,612,0.00108096
1,471,1,669,0.00112745
1,472,1,477,0.0637543
1,472,1,522,0.00319066
1,472,1,623,0.00128704
1,473,1,556,0.00312261
1,473,1,622,0.00133101
1,474,1,485,0.00688594
1,474,1,522,0.0011432
1,474,1,555,0.00339466
1,474,1,564,0.00179312
1,474,1,621,0.00133305
1,475,1,484,0.00689956
1,475,1,554,0.00334902
1,475,1,563,0.00179511
1,475,1,600,0.0172275
1,475,1,620,0.00127705
1,476,1,599,0.021401
1,477,1,483,0.00538632
1,477,1,510,0.00185267
1,477,1,516,0.120991
1,477,1,541,0.292284
1,477,1,598,0.0217415
1,477,1,667,0.0159967
1,478,1,482,0.00362676
1,478,1,498,0.00442245
1,478,1,509,0.0020337
1,478,1,515,0.1316
1,478,1,529,0.0122628
1,478,1,540,0.31664
1,478,1,564,0.00198923
1,478,1,584,0.00270794
1,478,1,597,0.0211608
1,478,1,666,0.0211841
1,479,1,497,0.00429655
1,479,1,502,0.00136162
1,479,1,508,0.00211273
1,479,1,514,0.135895
1,479,1,528,0.0138222
1,479,1,539,0.326889
1,479,1,563,0.00200967
1,479,1,577,0.00164334
1,479,1,583,0.00273794
1,479,1,592,0.0536871
1,479,1,665,0.0212243
1,480,1,493,0.0305747
1,480,1,495,0.0509676
1,480,1,501,0.00137111
1,480,1,507,0.00209867
1,480,1,513,0.13493
1,480,1,516,0.00130877
1,480,1,527,0.014156
1,480,1,538,0.327173
1,480,1,541,0.0011219
1,480,1,562,0.00192997
1,480,1,576,0.00167832
1,480,1,582,0.00276007
1,480,1,591,0.0718846
1,480,1,664,0.02122
1,481,1,492,0.0319257
1,481,1,502,0.00116353
1,481,1,537,0.319995
1,481,1,539,0.029612
1,481,1,575,0.00167207
1,481,1,581,0.00221854
1,481,1,590,0.0750428
1,481,1,663,0.0211982
1,482,1,491,0.0319124
1,482,1,493,0.473256
1,482,1,501,0.00120378
1,482,1,510,0.00398384
1,482,1,526,0.00545668
1,482,1,535,0.146733
1,482,1,538,0.0297543
1,482,1,574,0.00166256
1,482,1,589,0.0753077
1,482,1,662,0.0209999
1,483,1,492,0.499349
1,483,1,502,0.00731952
1,483,1,508,0.00649308
1,483,1,525,0.00560099
1,483,1,534,0.139635
1,483,1,537,0.0294132
1,483,1,573,0.00156635
1,483,1,577,0.00165521
1,483,1,588,0.0758404
1,483,1,661,0.0195199
1,484,1,489,0.0047832
1,484,1,490,0.0427402
1,484,1,491,0.499526
1,484,1,501,0.0117046
1,484,1,504,0.0459905
1,484,1,507,0.00662024
1,484,1,524,0.00561286
1,484,1,535,0.00340297
1,484,1,576,0.00165317
1,484,1,587,0.0761433
1,484,1,589,0.00126025
1,485,1,489,0.0341428
1,485,1,490,0.464753
1,485,1,499,0.00589347
1,485,1,500,0.00865946
1,485,1,503,0.0463174
1,485,1,506,0.00656851
1,485,1,523,0.00558305
1,485,1,533,0.0324937
1,485,1,535,0.0426742
1,485,1,559,0.00109299
1,485,1,586,0.0713375
1,485,1,589,0.0107443
1,485,1,659,0.00261919
1,486,1,498,0.00929472
1,486,1,502,0.0463569
1,486,1,522,0.00548596
1,486,1,531,0.00614908
1,486,1,532,0.0305112
1,486,1,534,0.0466902
1,486,1,558,0.00119422
1,486,1,585,0.00711627
1,486,1,588,0.0170277
1,487,1,497,0.00889386
1,487,1,532,0.00335468
1,488,1,532,0.0582459
1,488,1,556,0.00143359
1,489,1,498,0.0125545
1,489,1,531,0.0593723
1,489,1,555,0.0014972
1,489,1,573,0.0052165
1,489,1,585,0.0863691
1,490,1,497,0.0119543
1,490,1,498,0.0314753
1,490,1,515,0.00864895
1,490,1,529,0.121475
1,490,1,540,0.0050307
1,490,1,552,0.0011212
1,490,1,554,0.00139917
1,490,1,572,0.00522405
1,490,1,584,0.0910125
1,491,1,497,0.0275721
1,491,1,502,0.0495226
1,491,1,514,0.0168693
1,491,1,528,0.1218
1,491,1,539,0.012176
1,491,1,551,0.00117749
1,491,1,571,0.00522021
1,491,1,583,0.0910636
1,492,1,501,0.0500484
1,492,1,513,0.0170932
1,492,1,516,0.00446122
1,492,1,523,0.00137385
1,492,1,527,0.121626
1,492,1,538,0.0122057
1,492,1,549,0.00178659
1,492,1,570,0.00520713
1,492,1,582,0.0910477
1,493,1,498,0.00182035
1,493,1,514,0.00122049
1,493,1,515,0.00251651
1,493,1,522,0.0013376
1,493,1,537,0.0117014
1,493,1,581,0.0606047
1,494,1,509,0.015348
1,494,1,515,0.0888411
1,494,1,532,0.0159312
1,494,1,581,0.017224
1,495,1,502,0.0199955
1,495,1,508,0.0163538
1,495,1,514,0.0963539
1,495,1,531,0.0167617
1,495,1,534,0.00447293
1,495,1,539,0.00105342
1,495,1,546,0.00450132
1,495,1,564,0.00118697
1,495,1,580,0.0269842
1,496,1,545,0.00450889
1,497,1,505,0.0597092
1,497,1,511,0.416444
1,497,1,512,0.0120024
1,497,1,517,0.00466405
1,497,1,521,0.00312429
1,497,1,535,0.00113794
1,497,1,536,0.0825311
1,497,1,544,0.00444888
1,497,1,578,0.00852144
1,497,1,579,0.00679621
1,498,1,504,0.0614677
1,498,1,510,0.424724
1,498,1,516,0.0048142
1,498,1,520,0.00320711
1,498,1,535,0.0840048
1,498,1,541,0.00101924
1,498,1,543,0.00444822
1,498,1,576,0.00100308
1,499,1,509,0.207356
1,499,1,515,0.00339487
1,500,1,509,0.312698
1,500,1,515,0.00289827
1,500,1,532,0.00427676
1,500,1,540,0.00553486
1,501,1,508,0.534332
1,501,1,514,0.00425892
1,501,1,531,0.00455971
1,501,1,534,0.0611742
1,501,1,539,0.00622374
1,501,1,575,0.00268243
1,501,1,577,0.0804259
1,501,1,583,0.00107513
1,502,1,507,0.534074
1,502,1,510,0.00153524
1,502,1,513,0.00424486
1,502,1,516,0.00321966
1,502,1,538,0.00619047
1,502,1,574,0.00269077
1,502,1,576,0.0804665
1,502,1,582,0.00120764
1,503,1,509,0.00173696
1,503,1,515,0.00311096
1,503,1,532,0.150355
1,503,1,575,0.0664909
1,503,1,581,0.00122422
1,504,1,508,0.00147686
1,504,1,514,0.0029946
1,504,1,531,0.16066
1,504,1,534,0.00101783
1,504,1,573,0.0229115
1,504,1,580,0.00122141
1,505,1,532,0.00143746
1,506,1,515,0.0171247
1,506,1,529,0.270683
1,506,1,564,0.00101687
1,506,1,572,0.0824741
1,507,1,514,0.0187453
1,507,1,528,0.27362
1,507,1,563,0.00102146
1,507,1,571,0.0829874
1,508,1,513,0.0191441
1,508,1,520,0.00150965
1,508,1,527,0.273649
1,508,1,562,0.00101728
1,508,1,570,0.0833143
1,509,1,519,0.00150294
1,509,1,526,0.261327
1,509,1,569,0.0818588
1,510,1,525,0.0979699
1,510,1,528,0.0120881
1,510,1,690,0.00166841
1,513,1,522,0.0719024
1,513,1,525,0.363789
1,513,1,528,0.0365351
1,513,1,563,0.0792813
1,513,1,571,0.00846192
1,513,1,577,0.00294024
1,513,1,687,0.0125423
1,513,1,690,0.00115086
1,514,1,520,0.0805105
1,514,1,524,0.374373
1,514,1,527,0.0366094
1,514,1,562,0.0791935
1,514,1,570,0.00850568
1,514,1,576,0.00289806
1,514,1,686,0.0128414
1,514,1,689,0.00116006
1,515,1,519,0.0634491
1,515,1,520,0.0034701
1,515,1,521,0.00159009
1,515,1,523,0.373608
1,515,1,526,0.0365094
1,515,1,559,0.0299251
1,515,1,560,0.00100098
1,515,1,561,0.0677564
1,515,1,569,0.0083999
1,515,1,578,0.00104938
1,515,1,685,0.0128412
1,515,1,688,0.00118756
1,516,1,522,0.345347
1,516,1,525,0.0352091
1,516,1,558,0.0508169
1,516,1,577,0.00122395
1,516,1,684,0.0128024
1,516,1,687,0.00120295
1,518,1,556,0.112794
1,519,1,555,0.117671
1,519,1,556,0.00129175
1,519,1,558,0.005104
1,519,1,564,0.0156778
1,519,1,681,0.0211503
1,520,1,554,0.115984
1,520,1,555,0.00132732
1,520,1,558,0.00930576
1,520,1,563,0.0157289
1,520,1,680,0.0212521
1,521,1,679,0.0206843
1,522,1,541,0.207447
1,523,1,540,0.22684
1,523,1,584,0.00110131
1,523,1,676,0.0231636
1,524,1,539,0.228948
1,524,1,583,0.00111063
1,524,1,675,0.0232344
1,525,1,535,0.00104011
1,525,1,538,0.228997
1,525,1,541,0.00365501
1,525,1,582,0.00111296
1,525,1,674,0.0232399
1,526,1,534,0.00184326
1,526,1,537,0.224622
1,526,1,540,0.00445647
1,526,1,564,0.0102488
1,526,1,581,0.00109467
1,526,1,673,0.0232418
1,527,1,534,0.00109213
1,527,1,539,0.00491499
1,527,1,563,0.0103219
1,527,1,580,0.00105233
1,527,1,672,0.0232466
1,528,1,535,0.0176802
1,528,1,538,0.00487812
1,528,1,562,0.0103065
1,528,1,671,0.0232382
1,529,1,535,0.0704717
1,529,1,561,0.0100109
1,529,1,670,0.0229049
1,531,1,535,0.00301825
1,531,1,538,0.00241362
1,531,1,669,0.018136
1,532,1,536,0.00123257
1,532,1,538,0.00342286
1,532,1,576,0.00237996
1,532,1,593,0.00299917
1,532,1,668,0.017253
1,533,1,575,0.0156411
1,533,1,592,0.00358096
1,534,1,541,0.00168221
1,534,1,574,0.0161668
1,534,1,591,0.00361032
1,535,1,546,0.0017099
1,535,1,573,0.0157215
1,535,1,590,0.0036051
1,536,1,545,0.00172018
1,536,1,575,0.0139749
1,537,1,544,0.00169734
1,537,1,574,0.0146005
1,537,1,589,0.00441099
1,538,1,571,0.0069421
1,538,1,573,0.0144524
1,538,1,588,0.00451066
1,539,1,570,0.00695509
1,539,1,587,0.00449684
1,540,1,559,0.0685792
1,540,1,569,0.00682455
1,540,1,586,0.00373012
1,541,1,558,0.0883259
1,541,1,585,0.00358879
1,542,1,556,0.743497
1,543,1,552,0.161567
1,543,1,555,0.783649
1,543,1,564,0.0165049
1,544,1,551,0.161739
1,544,1,554,0.78338
1,544,1,558,0.00319571
1,544,1,563,0.0165403
1,545,1,550,0.146175
1,545,1,553,0.7583
1,545,1,557,0.00354377
1,545,1,562,0.0164153
1,546,1,561,0.0161623
1,548,1,556,0.0159979
1,549,1,555,0.0166283
1,549,1,558,0.00177376
1,551,1,694,0.00142306
1,552,1,693,0.00143837
1,553,1,692,0.0013312
1,554,1,562,0.0230494
1,554,1,670,0.00175673
1,555,1,561,0.0236144
1,555,1,669,0.00176726
1,556,1,560,0.0179382
1,556,1,668,0.00165931
1,557,1,575,0.00606487
1,558,1,574,0.00628804
1,558,1,576,0.0045482
1,559,1,575,0.0048181
1,561,1,572,0.0662095
1,562,1,571,0.0686702
1,563,1,570,0.0685333
1,572,1,694,0.00434068
1,573,1,586,0.00125302
1,573,1,693,0.00491077
1,573,1,697,0.00377482
1,574,1,580,0.00203605
1,574,1,584,0.00160845
1,574,1,585,0.00132449
1,574,1,692,0.0049482
1,574,1,696,0.00411874
1,574,1,705,0.00910625
1,575,1,579,0.00198583
1,575,1,691,0.00502901
1,575,1,695,0.00409944
1,575,1,704,0.00958137
1,576,1,583,0.0863298
1,576,1,690,0.00486656
1,576,1,703,0.010313
1,577,1,582,0.105545
1,577,1,689,0.00473633
1,577,1,693,0.00511981
1,577,1,702,0.0103946
1,578,1,692,0.00490938
1,578,1,701,0.00998947
1,579,1,709,0.0402199
1,580,1,669,0.00118259
1,580,1,670,0.00193496
1,580,1,693,0.00105212
1,580,1,694,0.0565455
1,580,1,697,0.00103264
1,580,1,699,0.00844357
1,580,1,708,0.0418132
1,581,1,668,0.00111427
1,581,1,669,0.00194446
1,581,1,691,0.00125087
1,581,1,693,0.0577313
1,581,1,697,0.0107419
1,581,1,698,0.00613659
1,581,1,706,0.00922028
1,581,1,707,0.0351617
1,582,1,672,0.00719346
1,582,1,692,0.0416116
1,582,1,696,0.02031
1,582,1,705,0.0141387
1,583,1,669,0.0107492
1,583,1,670,0.60733
1,583,1,671,0.00804184
1,583,1,694,0.0292071
1,584,1,669,0.630892
1,584,1,670,0.0106584
1,584,1,693,0.0293709
1,584,1,694,0.0013101
1,585,1,667,0.862856
1,585,1,669,0.00857446
1,586,1,666,0.897473
1,587,1,665,0.89839
1,588,1,664,0.898551
1,589,1,663,0.898515
1,590,1,598,0.00187526
1,590,1,658,0.0190037
1,590,1,662,0.897899
1,591,1,597,0.00252334
1,591,1,615,0.00183237
1,591,1,639,0.00123353
1,591,1,657,0.0244444
1,591,1,661,0.888068
1,592,1,596,0.00313058
1,592,1,598,0.00110605
1,592,1,614,0.00267172
1,592,1,619,0.00103856
1,592,1,638,0.00176365
1,592,1,656,0.028535
1,592,1,659,0.00152344
1,592,1,660,0.867597
1,593,1,599,0.0196549
1,593,1,610,0.0107467
1,593,1,617,0.00309581
1,593,1,637,0.00197798
1,593,1,655,0.0492763
1,594,1,598,0.0209674
1,594,1,609,0.0110034
1,594,1,612,0.0549856
1,594,1,654,0.0495856
1,594,1,658,0.317115
1,595,1,611,0.0755793
1,595,1,617,0.0255997
1,595,1,655,0.00207924
1,596,1,610,0.0906296
1,596,1,617,0.112103
1,596,1,655,0.0617139
1,597,1,609,0.0911087
1,597,1,631,0.00244766
1,597,1,654,0.0620567
1,597,1,658,0.212621
1,598,1,605,0.00103815
1,598,1,615,0.437487
1,598,1,617,0.00213514
1,598,1,618,0.00266611
1,598,1,630,0.00255766
1,598,1,636,0.00404361
1,598,1,639,0.00138338
1,598,1,652,0.0282878
1,598,1,657,0.219274
1,599,1,607,0.00568494
1,599,1,613,0.195155
1,599,1,614,0.397588
1,599,1,629,0.00245727
1,599,1,635,0.00410006
1,599,1,638,0.0012426
1,599,1,650,0.00281454
1,599,1,651,0.025468
1,599,1,656,0.189061
1,600,1,612,0.576963
1,600,1,613,0.218829
1,600,1,634,0.00295284
1,600,1,649,0.00217008
1,600,1,654,0.00571269
1,601,1,605,0.00280512
1,601,1,611,0.771901
1,601,1,655,0.00107781
1,602,1,610,0.792184
1,602,1,611,0.00190019
1,602,1,655,0.0207305
1,603,1,609,0.793269
1,603,1,612,0.00163355
1,603,1,648,0.00173987
1,603,1,654,0.0215043
1,604,1,610,0.00269953
1,604,1,611,0.00147871
1,604,1,647,0.00143081
1,605,1,609,0.00204458
1,605,1,632,0.00122672
1,605,1,635,0.00494876
1,605,1,646,0.00114573
1,605,1,649,0.0154009
1,605,1,650,0.0170359
1,606,1,631,0.00127951
1,606,1,634,0.00508244
1,606,1,648,0.0165251
1,606,1,649,0.017251
1,607,1,647,0.0131355
1,608,1,637,0.0025391
1,609,1,627,0.02054
1,609,1,630,0.00685425
1,609,1,636,0.00272911
1,609,1,645,0.00925537
1,609,1,652,0.00197028
1,610,1,626,0.0205395
1,610,1,629,0.00684756
1,610,1,635,0.00262571
1,610,1,651,0.00195702
1,611,1,619,0.00812301
1,611,1,626,0.00139619
1,611,1,628,0.00633621
1,611,1,643,0.0418884
1,611,1,650,0.00160369
1,612,1,618,0.0127837
1,612,1,621,0.00560061
1,612,1,624,0.0273229
1,612,1,625,0.00208011
1,612,1,627,0.00528373
1,612,1,642,0.0676993
1,613,1,617,0.0105493
1,613,1,618,0.0672136
1,613,1,620,0.00936467
1,613,1,621,0.00353071
1,613,1,623,0.0414059
1,613,1,624,0.00211591
1,613,1,639,0.00225754
1,613,1,641,0.0769609
1,613,1,642,0.0121183
1,613,1,652,0.00169271
1,613,1,657,0.00423915
1,614,1,622,0.0398157
1,614,1,655,0.0709626
1,615,1,654,0.0728459
1,615,1,658,0.00176458
1,616,1,637,0.00197954
1,616,1,655,0.00619345
1,617,1,632,0.00606313
1,617,1,635,0.00757059
1,617,1,638,0.00234982
1,617,1,649,0.00249462
1,617,1,650,0.0330309
1,617,1,651,0.00300835
1,617,1,653,0.00440411
1,617,1,654,0.00624599
1,617,1,656,0.0030831
1,617,1,659,0.0952983
1,618,1,631,0.00640646
1,618,1,634,0.00308894
1,618,1,648,0.0027465
1,618,1,649,0.0270844
1,618,1,654,0.00435947
1,618,1,658,0.105412
1,619,1,637,0.00140153
1,619,1,647,0.00180666
1,619,1,655,0.0390158
1,620,1,634,0.814992
1,620,1,646,0.00134682
1,620,1,654,0.0385378
1,621,1,633,0.82634
1,621,1,654,0.00653407
1,622,1,632,0.825732
1,622,1,635,0.0346066
1,622,1,650,0.0376614
1,622,1,651,0.003598
1,622,1,653,0.00603949
1,623,1,631,0.818408
1,623,1,634,0.0374515
1,623,1,649,0.0380112
1,624,1,631,0.00269603
1,624,1,633,0.0374069
1,624,1,634,0.00382963
1,624,1,648,0.0368384
1,624,1,649,0.0305027
1,625,1,631,0.0318991
1,625,1,633,0.00399334
1,625,1,648,0.0319302
1,626,1,647,0.0252088
1,627,1,646,0.0206746
1,627,1,648,0.00280365
1,627,1,649,0.00250107
1,628,1,647,0.00173291
1,629,1,644,0.00381092
1,629,1,647,0.0707442
1,630,1,646,0.0818347
1,631,1,642,0.00146075
1,631,1,644,0.00213624
1,631,1,645,0.0875117
1,632,1,644,0.0864677
1,633,1,639,0.00139323
1,633,1,641,0.00170242
1,633,1,642,0.0833756
1,633,1,652,0.00250941
1,634,1,641,0.0834147
1,634,1,642,0.00551026
1,635,1,644,0.0013751
1,635,1,647,0.00446056
1,635,1,655,0.348959
1,636,1,646,0.0047101
1,636,1,649,0.259242
1,636,1,654,0.353734
1,636,1,658,0.00138316
1,637,1,643,0.00706218
1,637,1,648,0.276934
1,637,1,650,0.0035986
1,637,1,651,0.00162248
1,637,1,653,0.320379
1,637,1,656,0.064918
1,638,1,644,0.0017313
1,638,1,647,0.284045
1,638,1,655,0.0713186
1,639,1,646,0.284499
1,639,1,648,0.0675097
1,639,1,654,0.0713614
1,640,1,644,0.0011441
1,640,1,647,0.0680584
1,641,1,646,0.066497
1,641,1,649,0.381921
1,642,1,648,0.383952
1,643,1,647,0.222908
1,644,1,659,0.114983
1,645,1,658,0.121169
1,646,1,657,0.121904
1,647,1,656,0.121251
1,648,1,655,0.107131
1,649,1,655,0.00248047
1,650,1,655,0.0241532
1,651,1,655,0.00308954
1,651,1,703,0.00603595
1,651,1,709,0.00536204
1,652,1,658,0.0259331
1,652,1,702,0.00638012
1,652,1,708,0.00568563
1,653,1,701,0.00639346
1,654,1,661,0.00147275
1,654,1,700,0.00638965
1,654,1,705,0.0489807
1,655,1,660,0.00148044
1,655,1,699,0.00630422
1,655,1,704,0.0492965
1,656,1,703,0.0493729
1,657,1,662,0.00340805
1,657,1,664,0.00210042
1,657,1,697,0.00127043
1,657,1,702,0.0493825
1,658,1,663,0.00210568
1,658,1,696,0.00103864
1,658,1,700,0.00169586
1,658,1,701,0.0397093
1,661,1,697,0.00615206
1,661,1,699,0.00616198
1,662,1,696,0.00631043
1,662,1,700,0.0012944
1,663,1,697,0.0517465
1,663,1,699,0.00127699
1,664,1,696,0.0527395
1,665,1,694,0.067465
1,666,1,693,0.0674962
1,667,1,692,0.0408673
1,668,1,692,0.0224934
1,669,1,692,0.0179501
1,670,1,690,0.00112212
1,670,1,692,0.00319705
1,671,1,690,0.954135
1,672,1,689,0.960603
1,673,1,688,0.967465
1,674,1,687,0.967716
1,675,1,686,0.967735
1,676,1,685,0.966444
1,686,1,703,0.00159029
1,687,1,702,0.00170622
1,688,1,701,0.00190192
1,689,1,700,0.00202292
1,689,1,709,0.0023263
1,690,1,699,0.00202919
1,690,1,708,0.00279124
1,691,1,703,0.0501016
1,691,1,709,0.00330844
1,692,1,697,0.00685634
1,692,1,698,0.00286672
1,692,1,702,0.065673
1,692,1,706,0.129943
1,692,1,707,0.00365188
1,692,1,708,0.00453723
1,693,1,701,0.0917081
1,693,1,705,0.159297
1,694,1,700,0.0935686
1,694,1,705,0.00879211
1,695,1,703,0.207614
1,695,1,709,0.00918889
1,696,1,702,0.210759
1,696,1,708,0.00948947
1,697,1,701,0.0725377
1,699,1,705,0.0030115
1,699,1,709,0.511451
1,700,1,708,0.525815
1,701,1,707,0.520419
1,703,1,710,0.00212756
1,704,1,709,0.00227157
1,1,-1,-1,0.98038
1,2,-1,-1,0.819095
1,3,-1,-1,0.594829
1,4,-1,-1,0.052407
1,5,-1,-1,0.031601
1,6,-1,-1,0.353184
1,7,-1,-1,0.406597
1,8,-1,-1,0.0158269
1,9,-1,-1,0.0135269
1,10,-1,-1,0.66247
1,11,-1,-1,0.988437
1,12,-1,-1,0.0820792
1,13,-1,-1,0.0467661
1,14,-1,-1,0.0301181
1,15,-1,-1,0.0416491
1,16,-1,-1,0.412793
1,17,-1,-1,0.89459
1,18,-1,-1,0.547253
1,19,-1,-1,0.823868
1,20,-1,-1,0.886637
1,21,-1,-1,0.929549
1,22,-1,-1,0.930288
1,23,-1,-1,0.968801
1,24,-1,-1,0.358704
1,25,-1,-1,0.996056
1,26,-1,-1,0.997126
1,27,-1,-1,0.226182
1,28,-1,-1,0.490943
1,29,-1,-1,0.082581
1,30,-1,-1,0.0624289
1,31,-1,-1,0.0704752
1,32,-1,-1,0.564278
1,33,-1,-1,0.446199
1,34,-1,-1,0.980416
1,35,-1,-1,0.218986
1,36,-1,-1,0.274567
1,37,-1,-1,0.949209
1,38,-1,-1,0.637649
1,39,-1,-1,0.653429
1,40,-1,-1,0.925431
1,41,-1,-1,0.959136
1,42,-1,-1,0.468744
1,43,-1,-1,0.111775
1,44,-1,-1,0.222357
1,45,-1,-1,0.461632
1,46,-1,-1,0.531775
1,47,-1,-1,0.0707273
1,48,-1,-1,0.0421498
1,49,-1,-1,0.151879
1,50,-1,-1,0.11279
1,51,-1,-1,0.13146
1,52,-1,-1,0.0855314
1,53,-1,-1,0.0594766
1,54,-1,-1,0.0157514
1,55,-1,-1,0.0858138
1,56,-1,-1,0.117206
1,57,-1,-1,0.580463
1,58,-1,-1,0.951384
1,59,-1,-1,0.984099
1,60,-1,-1,0.648714
1,61,-1,-1,0.0727916
1,62,-1,-1,0.119881
1,63,-1,-1,0.108286
1,64,-1,-1,0.248534
1,65,-1,-1,0.324693
1,66,-1,-1,0.138056
1,67,-1,-1,0.787423
1,68,-1,-1,0.736968
1,69,-1,-1,0.0425583
1,70,-1,-1,0.0150435
1,71,-1,-1,0.0737908
1,72,-1,-1,0.26134
1,73,-1,-1,0.261511
1,74,-1,-1,0.255495
1,75,-1,-1,0.90468
1,76,-1,-1,0.0299598
1,77,-1,-1,0.0584525
1,78,-1,-1,0.0752797
1,79,-1,-1,0.636113
1,80,-1,-1,0.621094
1,81,-1,-1,0.527354
1,82,-1,-1,0.876139
1,83,-1,-1,0.252777
1,84,-1,-1,0.234772
1,85,-1,-1,0.129647
1,86,-1,-1,0.105728
1,87,-1,-1,0.765039
1,88,-1,-1,0.116684
1,89,-1,-1,0.28588
1,90,-1,-1,0.259851
1,91,-1,-1,0.0769127
1,92,-1,-1,0.07794
1,93,-1,-1,0.0573588
1,94,-1,-1,0.598606
1,95,-1,-1,0.0518705
1,96,-1,-1,0.0739029
1,97,-1,-1,0.138738
1,98,-1,-1,0.946196
1,99,-1,-1,0.904827
1,100,-1,-1,0.925585
1,101,-1,-1,0.881907
1,102,-1,-1,0.204393
1,103,-1,-1,0.0235011
1,104,-1,-1,0.0860532
1,105,-1,-1,0.119499
1,106,-1,-1,0.00193
1,107,-1,-1,0.000643962
1,108,-1,-1,0.000161564
1,109,-1,-1,0.00141726
1,110,-1,-1,0.00568018
1,111,-1,-1,0.000536589
1,112,-1,-1,5.74E-05
1,113,-1,-1,3.85E-05
1,114,-1,-1,0.00187018
1,115,-1,-1,0.148038
1,116,-1,-1,0.99832
1,117,-1,-1,0.0024403
1,118,-1,-1,0.000056086
1,119,-1,-1,2.90E-05
1,120,-1,-1,0.000261964
1,121,-1,-1,0.00112949
1,122,-1,-1,0.00416628
1,123,-1,-1,0.0103191
1,124,-1,-1,0.00747722
1,125,-1,-1,0.0100652
1,126,-1,-1,0.454122
1,127,-1,-1,0.568703
1,128,-1,-1,0.999262
1,129,-1,-1,0.994617
1,130,-1,-1,0.970204
1,131,-1,-1,0.647625
1,132,-1,-1,0.387684
1,133,-1,-1,0.016491
1,134,-1,-1,0.118524
1,135,-1,-1,0.00359193
1,136,-1,-1,0.0110888
1,137,-1,-1,0.00964142
1,138,-1,-1,0.0283995
1,139,-1,-1,0.166227
1,140,-1,-1,0.145575
1,141,-1,-1,0.138285
1,142,-1,-1,0.993838
1,143,-1,-1,0.832273
1,144,-1,-1,0.944172
1,145,-1,-1,0.898518
1,146,-1,-1,0.904327
1,147,-1,-1,0.965494
1,148,-1,-1,0.994449
1,149,-1,-1,0.999919
1,150,-1,-1,0.758262
1,151,-1,-1,0.0826038
1,152,-1,-1,0.12275
1,153,-1,-1,0.148699
1,154,-1,-1,0.999638
1,155,-1,-1,0.998163
1,156,-1,-1,0.0203829
1,157,-1,-1,0.00332717
1,158,-1,-1,0.00591597
1,159,-1,-1,0.0129409
1,160,-1,-1,0.998738
1,161,-1,-1,0.0502821
1,162,-1,-1,0.0548306
1,163,-1,-1,0.971223
1,164,-1,-1,0.974909
1,165,-1,-1,0.00707476
1,166,-1,-1,0.000460243
1,167,-1,-1,0.000159241
1,168,-1,-1,0.0031409
1,169,-1,-1,0.000506698
1,170,-1,-1,3.20E-05
1,171,-1,-1,0.0184897
1,172,-1,-1,0.0188254
1,173,-1,-1,0.0212327
1,174,-1,-1,0.937712
1,175,-1,-1,0.934496
1,176,-1,-1,0.217987
1,177,-1,-1,0.00182431
1,178,-1,-1,0.0146563
1,179,-1,-1,0.0133198
1,180,-1,-1,0.0135869
1,181,-1,-1,0.472697
1,182,-1,-1,0.472877
1,183,-1,-1,0.0194679
1,184,-1,-1,0.000115557
1,185,-1,-1,0.000152105
1,186,-1,-1,0.00186315
1,187,-1,-1,0.497923
1,188,-1,-1,0.00772489
1,189,-1,-1,0.000735177
1,190,-1,-1,0.000121213
1,191,-1,-1,0.0004818
1,192,-1,-1,0.0015112
1,193,-1,-1,0.420169
1,194,-1,-1,0.999807
1,195,-1,-1,0.999644
1,196,-1,-1,0.999635
1,197,-1,-1,0.419792
1,198,-1,-1,0.00125153
1,199,-1,-1,0.000615692
1,200,-1,-1,0.00053814
1,201,-1,-1,0.000508796
1,202,-1,-1,0.00369635
1,203,-1,-1,0.0549863
1,204,-1,-1,0.0495107
1,205,-1,-1,0.0593822
1,206,-1,-1,0.985796
1,207,-1,-1,0.864412
1,208,-1,-1,0.0941999
1,209,-1,-1,0.00444915
1,210,-1,-1,0.0011998
1,211,-1,-1,0.00428115
1,212,-1,-1,0.00820516
1,213,-1,-1,0.0014098
1,214,-1,-1,0.00264561
1,215,-1,-1,0.021276
1,216,-1,-1,0.998821
1,217,-1,-1,0.00139888
1,218,-1,-1,0.000290925
1,219,-1,-1,0.000266215
1,220,-1,-1,0.130837
1,221,-1,-1,0.992324
1,222,-1,-1,0.999364
1,223,-1,-1,0.999685
1,224,-1,-1,0.997791
1,225,-1,-1,0.12489
1,226,-1,-1,0.0015703
1,227,-1,-1,0.000100543
1,228,-1,-1,0.00176475
1,229,-1,-1,0.0213957
1,230,-1,-1,0.00371725
1,231,-1,-1,0.00215367
1,232,-1,-1,0.00858458
1,233,-1,-1,0.00371112
1,234,-1,-1,0.00104625
1,235,-1,-1,0.0138095
1,236,-1,-1,0.146624
1,237,-1,-1,0.692157
1,238,-1,-1,0.0413235
1,239,-1,-1,0.327119
1,240,-1,-1,0.310738
1,241,-1,-1,0.936343
1,242,-1,-1,0.330909
1,243,-1,-1,0.30201
1,244,-1,-1,0.0214029
1,245,-1,-1,0.0143267
1,246,-1,-1,0.0784613
1,247,-1,-1,0.0774796
1,248,-1,-1,0.882686
1,249,-1,-1,0.91432
1,250,-1,-1,0.948651
1,251,-1,-1,0.229035
1,252,-1,-1,0.187519
1,253,-1,-1,0.266862
1,254,-1,-1,0.854291
1,255,-1,-1,0.156491
1,256,-1,-1,0.163558
1,257,-1,-1,0.351728
1,258,-1,-1,0.112875
1,259,-1,-1,0.0431694
1,260,-1,-1,0.0113235
1,261,-1,-1,0.00224637
1,262,-1,-1,0.00457464
1,263,-1,-1,0.00349846
1,264,-1,-1,0.000358805
1,265,-1,-1,0.00173873
1,266,-1,-1,0.00557353
1,267,-1,-1,0.0100876
1,268,-1,-1,0.0175192
1,269,-1,-1,0.137309
1,270,-1,-1,0.989547
1,271,-1,-1,0.188807
1,272,-1,-1,0.0874815
1,273,-1,-1,0.840469
1,274,-1,-1,0.843372
1,275,-1,-1,0.85468
1,276,-1,-1,0.982324
1,277,-1,-1,0.999442
1,278,-1,-1,0.999611
1,279,-1,-1,0.99978
1,280,-1,-1,0.0569462
1,281,-1,-1,0.0493002
1,282,-1,-1,0.838063
1,283,-1,-1,0.00657547
1,284,-1,-1,0.00113297
1,285,-1,-1,0.00042772
1,286,-1,-1,0.00552509
1,287,-1,-1,0.0016694
1,288,-1,-1,0.000389498
1,289,-1,-1,0.00360388
1,290,-1,-1,0.00451983
1,291,-1,-1,0.000872194
1,292,-1,-1,0.00598297
1,293,-1,-1,0.0815721
1,294,-1,-1,0.0146238
1,295,-1,-1,0.526017
1,296,-1,-1,0.389996
1,297,-1,-1,0.294441
1,298,-1,-1,0.555185
1,299,-1,-1,0.553185
1,300,-1,-1,0.288688
1,301,-1,-1,0.386604
1,302,-1,-1,0.589227
1,303,-1,-1,0.818966
1,304,-1,-1,0.791993
1,305,-1,-1,0.672541
1,306,-1,-1,0.435174
1,307,-1,-1,0.790932
1,308,-1,-1,0.462783
1,309,-1,-1,0.0592687
1,310,-1,-1,0.351248
1,311,-1,-1,0.0823986
1,312,-1,-1,0.0506087
1,313,-1,-1,0.290485
1,314,-1,-1,0.92098
1,315,-1,-1,0.306946
1,316,-1,-1,0.0148868
1,317,-1,-1,0.0837172
1,318,-1,-1,0.0980411
1,319,-1,-1,0.0188207
1,320,-1,-1,0.0255908
1,321,-1,-1,0.0126532
1,322,-1,-1,0.0251227
1,323,-1,-1,0.308651
1,324,-1,-1,0.675484
1,325,-1,-1,0.0171632
1,326,-1,-1,0.0327616
1,327,-1,-1,0.00503334
1,328,-1,-1,0.00566931
1,329,-1,-1,0.00447445
1,330,-1,-1,0.00979513
1,331,-1,-1,0.98942
1,332,-1,-1,0.0109336
1,333,-1,-1,0.00605181
1,334,-1,-1,0.0370422
1,335,-1,-1,0.0661867
1,336,-1,-1,0.806216
1,337,-1,-1,0.944035
1,338,-1,-1,0.642005
1,339,-1,-1,0.704514
1,340,-1,-1,0.684442
1,341,-1,-1,0.740973
1,342,-1,-1,0.0857671
1,343,-1,-1,0.0907548
1,344,-1,-1,0.195959
1,345,-1,-1,0.922785
1,346,-1,-1,0.21053
1,347,-1,-1,0.188144
1,348,-1,-1,0.277258
1,349,-1,-1,0.152992
1,350,-1,-1,0.14333
1,351,-1,-1,0.116368
1,352,-1,-1,0.209962
1,353,-1,-1,0.0870638
1,354,-1,-1,0.104358
1,355,-1,-1,0.150626
1,356,-1,-1,0.459317
1,357,-1,-1,0.978646
1,358,-1,-1,0.841904
1,359,-1,-1,0.334194
1,360,-1,-1,0.193002
1,361,-1,-1,0.091585
1,362,-1,-1,0.00944709
1,363,-1,-1,0.291675
1,364,-1,-1,0.3255
1,365,-1,-1,0.594187
1,366,-1,-1,0.457451
1,367,-1,-1,0.0861658
1,368,-1,-1,0.0104414
1,369,-1,-1,0.00775144
1,370,-1,-1,0.0256842
1,371,-1,-1,0.0305431
1,372,-1,-1,0.0415943
1,373,-1,-1,0.279267
1,374,-1,-1,0.976431
1,375,-1,-1,0.960641
1,376,-1,-1,0.99008
1,377,-1,-1,0.328239
1,378,-1,-1,0.0244402
1,379,-1,-1,0.014436
1,380,-1,-1,0.0187882
1,381,-1,-1,0.0210369
1,382,-1,-1,0.183132
1,383,-1,-1,0.246768
1,384,-1,-1,0.293985
1,385,-1,-1,0.14066
1,386,-1,-1,0.129304
1,387,-1,-1,0.494255
1,388,-1,-1,0.254314
1,389,-1,-1,0.293727
1,390,-1,-1,0.349993
1,391,-1,-1,0.127747
1,392,-1,-1,0.090633
1,393,-1,-1,0.374647
1,394,-1,-1,0.746052
1,395,-1,-1,0.777694
1,396,-1,-1,0.726527
1,397,-1,-1,0.908231
1,398,-1,-1,0.92598
1,399,-1,-1,0.714166
1,400,-1,-1,0.732689
1,401,-1,-1,0.608121
1,402,-1,-1,0.623936
1,403,-1,-1,0.703921
1,404,-1,-1,0.660001
1,405,-1,-1,0.57182
1,406,-1,-1,0.528875
1,407,-1,-1,0.490585
1,408,-1,-1,0.46076
1,409,-1,-1,0.652593
1,410,-1,-1,0.953233
1,411,-1,-1,0.411775
1,412,-1,-1,0.318184
1,413,-1,-1,0.0102194
1,414,-1,-1,0.0689546
1,415,-1,-1,0.114984
1,416,-1,-1,0.233125
1,417,-1,-1,0.289379
1,418,-1,-1,0.0470809
1,419,-1,-1,0.0482302
1,420,-1,-1,0.836596
1,421,-1,-1,0.998353
1,422,-1,-1,0.277606
1,423,-1,-1,0.414344
1,424,-1,-1,0.356755
1,425,-1,-1,0.430143
1,426,-1,-1,0.439817
1,427,-1,-1,0.991899
1,428,-1,-1,0.903712
1,429,-1,-1,0.762144
1,430,-1,-1,0.897871
1,431,-1,-1,0.88197
1,432,-1,-1,0.794359
1,433,-1,-1,0.652807
1,434,-1,-1,0.689533
1,435,-1,-1,0.432998
1,436,-1,-1,0.467173
1,437,-1,-1,0.318337
1,438,-1,-1,0.022986
1,439,-1,-1,0.0195671
1,440,-1,-1,0.00853219
1,441,-1,-1,0.0250783
1,442,-1,-1,0.0329351
1,443,-1,-1,0.586382
1,444,-1,-1,0.444076
1,445,-1,-1,0.450201
1,446,-1,-1,0.474699
1,447,-1,-1,0.0270808
1,448,-1,-1,0.0209691
1,449,-1,-1,0.310379
1,450,-1,-1,0.331721
1,451,-1,-1,0.26507
1,452,-1,-1,0.153722
1,453,-1,-1,0.204715
1,454,-1,-1,0.0600692
1,455,-1,-1,0.139567
1,456,-1,-1,0.410441
1,457,-1,-1,0.658245
1,458,-1,-1,0.751034
1,459,-1,-1,0.277127
1,460,-1,-1,0.641271
1,461,-1,-1,0.145109
1,462,-1,-1,0.237349
1,463,-1,-1,0.839081
1,464,-1,-1,0.805443
1,465,-1,-1,0.668376
1,466,-1,-1,0.680464
1,467,-1,-1,0.937666
1,468,-1,-1,0.409379
1,469,-1,-1,0.335883
1,470,-1,-1,0.424974
1,471,-1,-1,0.457884
1,472,-1,-1,0.414276
1,473,-1,-1,0.593142
1,474,-1,-1,0.169571
1,475,-1,-1,0.157831
1,476,-1,-1,0.353678
1,477,-1,-1,0.345065
1,478,-1,-1,0.0610382
1,479,-1,-1,0.100515
1,480,-1,-1,0.159086
1,481,-1,-1,0.365612
1,482,-1,-1,0.0613703
1,483,-1,-1,0.0962227
1,484,-1,-1,0.184819
1,485,-1,-1,0.146276
1,486,-1,-1,0.731386
1,487,-1,-1,0.968205
1,488,-1,-1,0.844777
1,489,-1,-1,0.665988
1,490,-1,-1,0.0902648
1,491,-1,-1,0.0429477
1,492,-1,-1,0.150245
1,493,-1,-1,0.338597
1,494,-1,-1,0.786052
1,495,-1,-1,0.680499
1,496,-1,-1,0.974436
1,497,-1,-1,0.290431
1,498,-1,-1,0.305255
1,499,-1,-1,0.77812
1,500,-1,-1,0.661634
1,501,-1,-1,0.201371
1,502,-1,-1,0.202142
1,503,-1,-1,0.711699
1,504,-1,-1,0.647413
1,505,-1,-1,0.900807
1,506,-1,-1,0.57219
1,507,-1,-1,0.0312981
1,508,-1,-1,0.0342561
1,509,-1,-1,0.0872314
1,510,-1,-1,0.40712
1,511,-1,-1,0.545273
1,512,-1,-1,0.944133
1,513,-1,-1,0.17951
1,514,-1,-1,0.070095
1,515,-1,-1,0.0640059
1,516,-1,-1,0.275887
1,517,-1,-1,0.904919
1,518,-1,-1,0.751109
1,519,-1,-1,0.493014
1,520,-1,-1,0.547141
1,521,-1,-1,0.903078
1,522,-1,-1,0.299374
1,523,-1,-1,0.229951
1,524,-1,-1,0.153408
1,525,-1,-1,0.0179741
1,526,-1,-1,0.184831
1,527,-1,-1,0.262723
1,528,-1,-1,0.449454
1,529,-1,-1,0.189861
1,530,-1,-1,0.694819
1,531,-1,-1,0.419804
1,532,-1,-1,0.380727
1,533,-1,-1,0.622737
1,534,-1,-1,0.392303
1,535,-1,-1,0.302569
1,536,-1,-1,0.8972
1,537,-1,-1,0.0797834
1,538,-1,-1,0.0208961
1,539,-1,-1,0.040744
1,540,-1,-1,0.0368495
1,541,-1,-1,0.0972556
1,542,-1,-1,0.236215
1,543,-1,-1,0.00728927
1,544,-1,-1,0.00335566
1,545,-1,-1,0.0544578
1,546,-1,-1,0.966154
1,547,-1,-1,0.99759
1,548,-1,-1,0.983005
1,549,-1,-1,0.974302
1,550,-1,-1,0.8512
1,551,-1,-1,0.825284
1,552,-1,-1,0.824244
1,553,-1,-1,0.236196
1,554,-1,-1,0.05499
1,555,-1,-1,0.0340462
1,556,-1,-1,0.0786755
1,557,-1,-1,0.968875
1,558,-1,-1,0.805347
1,559,-1,-1,0.804864
1,560,-1,-1,0.686503
1,561,-1,-1,0.0194786
1,562,-1,-1,0.00334225
1,563,-1,-1,0.01053
1,564,-1,-1,0.161748
1,565,-1,-1,0.653086
1,566,-1,-1,0.983501
1,567,-1,-1,0.751781
1,568,-1,-1,0.967933
1,569,-1,-1,0.471245
1,570,-1,-1,0.00612594
1,571,-1,-1,0.0380639
1,572,-1,-1,0.0179471
1,573,-1,-1,0.0992798
1,574,-1,-1,0.493992
1,575,-1,-1,0.12077
1,576,-1,-1,0.117361
1,577,-1,-1,0.331391
1,578,-1,-1,0.912488
1,579,-1,-1,0.622975
1,580,-1,-1,0.433228
1,581,-1,-1,0.356434
1,582,-1,-1,0.538871
1,583,-1,-1,0.106866
1,584,-1,-1,0.184674
1,585,-1,-1,0.0259281
1,586,-1,-1,0.0251358
1,587,-1,-1,0.0178701
1,588,-1,-1,0.00165511
1,589,-1,-1,0.00779184
1,590,-1,-1,0.00156719
1,591,-1,-1,0.00343512
1,592,-1,-1,0.0269759
1,593,-1,-1,0.904386
1,594,-1,-1,0.536825
1,595,-1,-1,0.888859
1,596,-1,-1,0.730949
1,597,-1,-1,0.604448
1,598,-1,-1,0.250071
1,599,-1,-1,0.127234
1,600,-1,-1,0.173251
1,601,-1,-1,0.223262
1,602,-1,-1,0.170488
1,603,-1,-1,0.164929
1,604,-1,-1,0.978307
1,605,-1,-1,0.936442
1,606,-1,-1,0.945569
1,607,-1,-1,0.969093
1,608,-1,-1,0.983701
1,609,-1,-1,0.0434989
1,610,-1,-1,0.0534871
1,611,-1,-1,0.0713869
1,612,-1,-1,0.222707
1,613,-1,-1,0.328787
1,614,-1,-1,0.476256
1,615,-1,-1,0.475219
1,616,-1,-1,0.981597
1,617,-1,-1,0.664435
1,618,-1,-1,0.752044
1,619,-1,-1,0.940315
1,620,-1,-1,0.119103
1,621,-1,-1,0.140759
1,622,-1,-1,0.0385303
1,623,-1,-1,0.0558884
1,624,-1,-1,0.852983
1,625,-1,-1,0.92267
1,626,-1,-1,0.948095
1,627,-1,-1,0.945341
1,628,-1,-1,0.991464
1,629,-1,-1,0.915066
1,630,-1,-1,0.906352
1,631,-1,-1,0.0413674
1,632,-1,-1,0.0794347
1,633,-1,-1,0.0388764
1,634,-1,-1,0.0361738
1,635,-1,-1,0.590225
1,636,-1,-1,0.371009
1,637,-1,-1,0.312023
1,638,-1,-1,0.635876
1,639,-1,-1,0.566137
1,640,-1,-1,0.927566
1,641,-1,-1,0.385854
1,642,-1,-1,0.443229
1,643,-1,-1,0.726893
1,644,-1,-1,0.784808
1,645,-1,-1,0.778747
1,646,-1,-1,0.414565
1,647,-1,-1,0.182018
1,648,-1,-1,0.0642465
1,649,-1,-1,0.211988
1,650,-1,-1,0.877926
1,651,-1,-1,0.948178
1,652,-1,-1,0.924513
1,653,-1,-1,0.660437
1,654,-1,-1,0.239405
1,655,-1,-1,0.124203
1,656,-1,-1,0.536662
1,657,-1,-1,0.567789
1,658,-1,-1,0.140549
1,659,-1,-1,0.778417
1,660,-1,-1,0.124507
1,661,-1,-1,0.0682096
1,662,-1,-1,0.0641667
1,663,-1,-1,0.0152156
1,664,-1,-1,0.0179846
1,665,-1,-1,0.00433652
1,666,-1,-1,0.0057293
1,667,-1,-1,0.0627035
1,668,-1,-1,0.934553
1,669,-1,-1,0.263186
1,670,-1,-1,0.309247
1,671,-1,-1,0.00412688
1,672,-1,-1,0.000384418
1,673,-1,-1,0.000547761
1,674,-1,-1,0.000202989
1,675,-1,-1,0.000235867
1,676,-1,-1,0.00182292
1,677,-1,-1,0.99208
1,678,-1,-1,0.990957
1,679,-1,-1,0.969577
1,680,-1,-1,0.977604
1,681,-1,-1,0.969075
1,682,-1,-1,0.990532
1,683,-1,-1,0.985436
1,684,-1,-1,0.971205
1,685,-1,-1,0.0147016
1,686,-1,-1,0.00439021
1,687,-1,-1,0.0105396
1,688,-1,-1,0.0132277
1,689,-1,-1,0.00630788
1,690,-1,-1,0.0198746
1,691,-1,-1,0.888175
1,692,-1,-1,0.571427
1,693,-1,-1,0.483642
1,694,-1,-1,0.639352
1,695,-1,-1,0.684698
1,696,-1,-1,0.61691
1,697,-1,-1,0.831551
1,698,-1,-1,0.985009
1,699,-1,-1,0.384806
1,700,-1,-1,0.296503
1,701,-1,-1,0.182791
1,702,-1,-1,0.58414
1,703,-1,-1,0.600587
1,704,-1,-1,0.936726
1,705,-1,-1,0.743018
1,706,-1,-1,0.857536
1,707,-1,-1,0.42669
1,708,-1,-1,0.361754
1,709,-1,-1,0.383701
1,710,-1,-1,0.976918
1,711,-1,-1,0.999461